Rating,steming_data,Sentiment,Predicted
5,mantap,Positif,Positif
4,membantusebelum periksa langsung dokter,Negatif,Negatif
5,bagus jelas ya dokter ya ramah,Positif,Positif
5,bantu desak,Netral,Netral
5,bagustapi,Netral,Netral
5,rekomended dokter psikologi ya,Positif,Positif
4,suka pakai aplikasi halodoc respon dokter nx cepat,Positif,Positif
5,dokter ya fast respon resep obat,Netral,Netral
5,bantu,Netral,Netral
5,bagus solusi,Positif,Positif
5,bantu kadang error pas bayar,Netral,Negatif
4,top up,Negatif,Negatif
5,bantu ntk antri rs,Positif,Positif
5,respon cepat,Netral,Netral
1,sayang bayar pakai shopeepay indonesia daerah nama pakai dana linkajadll aplikasi,Netral,Netral
5,tolong fitur vn,Positif,Positif
4,sok far sok goodsangat bantu,Negatif,Netral
5,bantu aplikasi,Positif,Positif
1,sistem jelek banget janji jauhjauh lambat masuk chat room langsung selesai konsultasi refund jadwal ulang free alias bayar,Positif,Positif
5,suka banget simple,Negatif,Negatif
5,bantu mahluk hidup nama manusia lemah raga,Positif,Positif
5,oke dokter rada sat set sat set murah pilih,Positif,Positif
5,sederhana mudah guna ribet,Negatif,Negatif
5,dokter mantap diagnosanya pas resep good,Positif,Positif
5,enak banget halodoc simple,Netral,Netral
5,tambah ya bintang ya bantu banget sakit pakai motor kena angin hujan ya sakit rasa tambah keluh sakit halodoc rebah keluh mu dokter percaya mu resep ya langsung rumah kantor kontra kosan apartemen apresiasi halodoc,Positif,Positif
5,layan kirim obat cepat terima kasih,Netral,Netral
5,okkkkkkk banget broo maknyuss,Netral,Netral
5,keren,Negatif,Negatif
5,baguw,Netral,Netral
5,alam pakai aplikasi,Positif,Netral
3,saldo potong bayar gagal kali kali transaksi gagal saldo potong duluan,Negatif,Negatif
1,order eh doc ya sibuk uang direffund wkwk hangus uang direff hilang chat dokter kocak nih aplikasi guna,Netral,Netral
4,dokter ramahjadi enak kontrol,Positif,Netral
5,bagus dokter aktive menjawabcuman sayang chatt ya mntcoba jam,Positif,Positif
5,aplikasi ya bantu konsultasi dokter,Netral,Netral
5,terima kasih bantu,Negatif,Netral
5,respon ya ku coba saran moga jerawat baik,Positif,Positif
5,baikdan mudah,Negatif,Negatif
5,bantu,Netral,Netral
3,login stuck aplikasi kayak freeze device pakai samsung a gb,Positif,Netral
5,bis konsultasi mana,Netral,Netral
5,muas obat dihalodoc dokter ramah ramah dengar keluh pasien,Positif,Positif
5,bantu,Negatif,Negatif
5,jelas arsyi banget,Netral,Netral
5,ramah prtanyaan,Positif,Positif
5,akses,Positif,Positif
1,ya pesan kirim reguler tanggal februari uang potong barang,Netral,Netral
5,bantu tenang pasien bimbing awat,Netral,Netral
5,mudah konsultasi resep obat tebus obat mana,Netral,Netral
1,dokter slow respon pertanyannya kayak obat vitamin suruh obat rumah sakit ya konsultasi kayak ya jenis obat suruh rumah sakit ahli mah,Positif,Netral
5,koopetatif,Negatif,Negatif
5,banget dokter,Netral,Netral
5,aplikasi bagus manfaat,Negatif,Negatif
5,konsultasi mudah respon dokter cepat bantu keren pkokknya terima kasih dokter aplikasi halodoc,Negatif,Negatif
5,chat dokter resah,Netral,Positif
5,ramah cepat,Positif,Positif
5,bantu terimakasih dokter,Netral,Positif
5,bantu aplikasi konsultasi dokterdokternya,Netral,Netral
5,layan good,Netral,Netral
5,bantu anggota keluarga sakit konsultasi dokter antri scara fisik,Positif,Positif
5,obat aman rapi kurir ramah sopan,Netral,Netral
5,cepat mudah bantu,Positif,Positif
5,konsultasi bidan bidan ramah suka,Negatif,Negatif
5,sen pas dimintadan salah,Positif,Positif
4,moga teman sembuh,Netral,Netral
5,the future of health system,Positif,Positif
5,terimakasih dokter amel pusing cari dokter dokter baik,Netral,Netral
5,oke good,Netral,Netral
1,aplicasi bohong pesan bayar barang kunjung,Positif,Positif
5,dokter sabar tangan informatif saran solusi mudah paham,Positif,Positif
5,konsultasi obat suka halo doc mudah simple,Positif,Positif
5,the best,Positif,Positif
5,kali pakai konsultasi online bantu layan dokter,Negatif,Netral
5,dokter putu best,Positif,Positif
5,bagus banget aplikasi dokter ya ramah layan bagus pokok the beast,Positif,Positif
5,dokter ya respon cepatramah,Positif,Positif
5,dokter sabar layan mantap,Negatif,Negatif
4,dokter bahasa sederhana sopan mudah mengertisemoga cocok,Netral,Netral
5,mantab respon cepat,Positif,Positif
5,konsultasi mudah layan cepat kurir ramah kurang obat batas cover asuransi kirim instant kupon bayar,Netral,Positif
5,dokter ramah konsultasi mahal,Netral,Netral
5,klinik gegara aplikasi,Negatif,Negatif
5,mudah obat jalan,Netral,Netral
5,bantu merespon dengn cepat butuh darurat,Netral,Netral
5,dokter responya cepat,Positif,Positif
5,bagus layan ya,Netral,Netral
2,apk dancok pesan obat klik barang hp langsung macet,Netral,Netral
5,bantu respon cepat,Netral,Positif
5,bantu terima kasih,Positif,Positif
2,kocak banget anjir tunggu dokter sibuk aneh banget halodoc,Positif,Positif
1,kecewa bayar chat dokter,Netral,Netral
5,apps bantu,Positif,Positif
5,praktis cepat kondisi darurat sujses halodoc,Netral,Netral
3,well jatuh nama kecewa peduli sehat mental ganggu cemas pilih dokter bayar dokter tsbt nominal tentu cerita jujur sih dokter dasar teori suruh akses link youtube bantu masalah temu internet byar,Netral,Netral
5,muas respon dokter cepat,Positif,Positif
4,bagus sih ongkirnya free asuransi,Positif,Positif
2,kasih referensi pesan obat apotik rekan malam gojek ambil apotik bilang tutup tolong baik rekan buka malam apotik buka jam,Positif,Positif
5,responsip dokter ya,Positif,Positif
5,bantu obat cepat mudah,Netral,Netral
5,bantu repot rs batu urgent butih obat,Positif,Positif
5,ramah,Positif,Netral
5,bantu sakit klinik rumah sakit dekat,Netral,Netral
5,good rs konsultasi,Netral,Netral
5,bantu banget malam malam obat,Positif,Positif
5,bantu konsultasi nyaman,Negatif,Negatif
5,bantu saat urgentterima kasih holodoc,Positif,Positif
5,bantu sayakonsultasinya,Negatif,Negatif
5,halodoc habis serang kucing tumit kaki kiri gelang kaki bengkak minum parasetamol,Netral,Netral
5,aman cepat,Positif,Positif
5,mantap konsultasi bagus,Positif,Positif
5,sayang bantu sayang senang konsul dokter alam bidang,Netral,Netral
5,bantu banget sakit brrobat resep obt antar via gojek,Positif,Positif
5,pelayannan bagus,Positif,Positif
5,halo doc anak muntah susu campur darah ya dok,Positif,Netral
5,bantu malam chat,Positif,Positif
5,praktis efisien,Positif,Positif
5,terimakasih saran resep ya,Netral,Netral
5,keren semangat halodoc,Positif,Positif
5,mantab aplikasi,Netral,Netral
1,layan apotik pegawai ya jutek,Positif,Positif
5,aplikasi sngnt mmbntu beli obat konsultasi dokter,Positif,Positif
5,terbantukalau emergency cepat konsultasi dokter,Netral,Netral
1,saldo potong chat dokter gagal refund,Negatif,Negatif
5,ubah semenjak konsultasi jelas detail mudah erti,Positif,Positif
5,aplikasi bagus mudah tobat kerah sakit,Negatif,Negatif
1,verifikasi ktp gagal padhal identitas verifikasi dukcapil aneh chat cs solusi,Positif,Positif
5,thanks andal urgent,Netral,Netral
5,dokter cepat tanggap,Netral,Netral
5,aplikasi bagus chat dokter responnya cepat detail terimakasih halodoc,Positif,Positif
5,puas konsultasi halodoc dokter ya ramah sabarmreka identifikasi keluh resep akuratsaya harap moga cocok cepat sembuh,Netral,Netral
5,barang cepat susah ubah titik alamat aplikasi,Positif,Positif
5,mantap hubung asuransi,Positif,Positif
5,alhamdulillah layan bagusrespon cepatterimakasih bu bid,Positif,Positif
5,dokter ramah moga cocok obat resep dokter,Positif,Netral
4,bantu menanggani kulit,Positif,Positif
5,bantu antre dokter,Netral,Netral
5,bantu,Netral,Netral
5,terimasih bantu,Positif,Positif
5,bantu rumah obat murah dokter tqnggapannya,Positif,Positif
5,cepat percaya,Positif,Positif
5,dokter konsulatasi bagus tanggap,Netral,Positif
5,dokter ramah tamah,Positif,Netral
5,allhamdulilah bantu,Positif,Positif
4,install aplikasi halodoc hp gua lot hadeh,Positif,Positif
5,kesan,Positif,Positif
5,bantu raga diri,Negatif,Negatif
5,okok,Netral,Netral
5,bantu pergi dokter,Positif,Positif
5,bantu pasien mager rumah konsultasi dokter,Negatif,Netral
1,karyawannya lelet nyiapin obat asik obrol,Positif,Positif
5,dokter ramah harga konsultasi murah repot rumah,Negatif,Negatif
5,cast response dokter,Positif,Positif
1,dokter kenal omong halo kali bayar ribu,Negatif,Positif
5,bantu hargnya jangkau,Positif,Positif
5,bantu butuh konsultasi resep dokter jam genting,Netral,Netral
1,driver ya mbok kirim mahal loh ongkir ribu sesuai jam kirim sampah sih aplikasi erti orang sakit,Netral,Netral
5,urgent butuh obat layan halodoc insyaallah bantu,Netral,Netral
5,energi positif konsultasi psikologi halodoc keren banget,Netral,Netral
5,bantu saat darurat rumah dokter soluyif enak ajak konsultasi,Netral,Netral
5,batu informasi,Netral,Netral
5,dokter ramah nyaman berbincangbincang balas chttnya fastrestsemoga pelayannanya,Positif,Positif
5,konsultasi cepat obat kirim cepat alhamdulillah bantu,Netral,Netral
5,cepat tanggap efesien,Positif,Netral
5,praktis solutif,Netral,Netral
5,manfaat n fast respond,Positif,Positif
1,saldo potong gagal hubung dokter hubung cs butuh menit kembali dana kecewa,Positif,Positif
5,kirim cepat akurat terimakasih halodoc,Positif,Positif
5,muantab konsultasi a pakai capek,Netral,Netral
5,alam dokter ya ramah seklali,Negatif,Negatif
5,bantu saat sakit,Positif,Positif
5,syukur halo doc bantu dokter minggu dokter enak ajak konsultasi,Netral,Positif
1,suruh konsultasi obat tinggal dokternye bayang urgent butuh obat nenek situ kudu resep pas resep tinggal wkwkwk,Positif,Positif
1,respon dokter banget kali konsultasi ya slow respon pdln butuh banget,Netral,Netral
4,bantu moga partner dokter ramah solutif,Netral,Netral
4,obat cocok obat bayar tf,Positif,Positif
5,bantu sempat pergi dokter sakit tengah malam,Positif,Positif
5,rutin halodoc obat rumah aplikasi bantu goodjob moga aplikasi kembang decacorn startupyg,Positif,Positif
5,puasa konsultasi dokter halodoc,Netral,Netral
1,malam lapor salah alamat kirim tangan malam kirim salah kasihan goject ngantarnya benerx profesional,Netral,Netral
5,bantu mepet,Positif,Positif
5,bagus kirim obat rumah nih,Netral,Netral
5,terimakasih rebecca stephanie alam halodoc kesan banget terimakasih ya dok teman curhat super ramah banget kalimat dokter kasih sehat bahagia ya dok amin,Positif,Positif
5,terima kasih halodoc bantu,Netral,Netral
1,apk bangetdisuruh bayar,Netral,Netral
4,respon cepat ramah tamah service ok tq,Negatif,Negatif
5,perdana muas moga obat ampuh bismillah,Netral,Netral
5,dokter detail,Positif,Positif
5,dokter ramah detailsmg progres depan,Netral,Netral
5,good,Positif,Positif
5,bantu cari obat,Positif,Positif
1,tolong sistem nilai like dislike commentar tombol close mudah pencet letak balik like dislike ulas tolong tombol konfirmasi letak aman salah pencet jujur ulas buruk kerja dokter becus tombol gede pencet like sungguh konyol,Positif,Positif
5,dokter respon cepatthanks,Positif,Positif
5,bagus bantu,Positif,Positif
5,adorable,Negatif,Negatif
5,jelas dokter mudah paham,Negatif,Negatif
4,obat resep dokter ulangin periksa bantu bantu,Positif,Positif
4,dokter lugas,Netral,Netral
5,layan kirim cepat,Netral,Netral
5,jelas dokter mudah erti detail konsultasi puas,Positif,Positif
5,bagus bingiiiiiit,Positif,Positif
3,kurir aga lamaa,Netral,Netral
5,bantu konsultasi jam,Netral,Netral
4,bagus sih dokter alam bingung top up saldo halodocnya cari cari menu ketemu,Netral,Netral
5,bantu dokter ramah detail jelas terima kasih sukses,Positif,Positif
5,manfaat konsultasi langsung dokter ahli terimakasih,Positif,Positif
5,aplikasi helpfull,Positif,Negatif
5,alhamdulillah dokter ya cepat tanggap moga lancar aplikasi ya,Positif,Positif
5,app ya bantu mudah,Positif,Positif
5,jelas salam konsultasi febri detail bantu saran bagus terimakasih,Positif,Positif
5,alhamdulillah batu,Netral,Netral
5,bagus layan cepat ramah,Negatif,Netral
5,bantu kondisi rumah,Positif,Positif
5,puas konsultasi pakai aplikasi bantu,Positif,Positif
5,apk ya bagus mudah paham,Positif,Positif
5,bantu tinggal daerah mana dokter spesialis ya minim terima kasih dokter halodoc terima kasih halodoc,Positif,Positif
5,tanggap,Positif,Positif
5,layan respon cepat,Negatif,Negatif
5,dokter ya lengkap online bantu,Positif,Positif
1,bayar masuk chat dokter ya respon,Positif,Positif
5,bantu banget pas butuh obat malam,Positif,Positif
5,bantu mana terima kasih dokter online,Positif,Positif
5,membantuuuuu,Netral,Netral
5,manfaat halodok,Netral,Netral
4,solusi mudah konsultasi dokter faskes mudah beli alkes obat,Positif,Positif
1,tau pesisir salah apoteker dokter konsultasi anak obat terima jelas anak anak rekomendasi aplikasi buruk,Positif,Positif
5,mudah dokter ramah jelas sakit,Netral,Netral
5,bagus dokter sigap tanggap,Netral,Netral
5,app bantu,Netral,Netral
5,dokter ramah,Positif,Positif
5,responnya cepat,Netral,Netral
1,beli obat tan mahal,Negatif,Negatif
5,terima kasih pesan terima,Netral,Netral
5,keren bantu,Netral,Netral
1,kurir curi obat cs ya hubung kali kali tanggap,Positif,Positif
5,bantu,Positif,Positif
5,aplikasi sangatsangat bantu terima kasih halodoc,Netral,Netral
5,bagus dokter ramah keren,Netral,Netral
5,aplikasi mudah konsultasi sakit,Netral,Netral
5,cepat hemat,Positif,Positif
5,bantu metode bayar ribet,Netral,Netral
5,dokter ya sehat dokter donny spog,Netral,Netral
5,puas layan,Negatif,Negatif
5,dokter ramah responya cepat,Positif,Positif
5,baik transparan,Negatif,Negatif
5,bagus praktis cepat,Netral,Netral
4,bantu,Netral,Netral
1,konsultasi kayak ajaga menit buru konsultasi bayar gratis,Positif,Positif
5,hallodoc pahlawan ku,Negatif,Netral
5,bantu resep dokterny jgamantapp,Netral,Netral
5,kesulitaan atur konsultasi dokter sibuk kerja aplikasi bantu konsultasi cocok diagnosa dokter obat bantu,Positif,Positif
2,konsultasi dokter tinggal chat aplikasi pencet ruang chat resep,Positif,Positif
5,alhamdulillah fast respon resep sesuai keluh pasien terima kasih mudah pasien konsultasi dokter biaya jangkau,Netral,Netral
5,chat dokter spesialis mata dokter responsif terimakasih,Positif,Positif
5,tolong saat rs langsung,Positif,Positif
5,mantap bantu dokter dokter ramah ramah,Netral,Netral
5,terima kasih halodoc bantu,Netral,Netral
5,apk bantu antri dar konsultasi dokter spesialis apk lengkap alam goodjob,Netral,Netral
5,sangatt motivasi,Positif,Positif
5,butuh obat cepat nenek sakit paru nyariin apotek rumah obat via halodocdownload aplikasi pesan jam rumah ongkir murah halodoc bantu,Negatif,Netral
5,mudah cerah,Positif,Positif
5,mudah operasi ya hubung asuransi,Negatif,Negatif
5,bantu konsultasi sehat,Positif,Netral
5,pakai halodoc dokter ya respon ya cepat libur,Positif,Positif
5,bantu anak kos hidup,Netral,Netral
5,the best sih terima kasih halodoc,Netral,Positif
5,bantu informasi sehat,Positif,Positif
5,cepat responya moga atas cepat,Positif,Positif
5,bantu desak konsultasi,Positif,Positif
5,cuman bug susah untummengirim foto,Netral,Netral
4,apk halodoc bantu terimakasih dokter,Netral,Netral
5,jelas sanga muas,Positif,Positif
5,alhamdulillah puas layan halodoc,Positif,Positif
5,alhamdulillah bantu pakai aplikasi terimakasih dokter,Netral,Negatif
5,terima kasih kendala dokter ramah,Netral,Netral
5,kirim cepatbagus,Positif,Positif
5,membantuuu babgtt,Positif,Positif
5,mantaaab,Positif,Positif
1,app hapus usaha app inidan mesusahkan,Netral,Netral
1,bantu aplikasi belah dokter solutif kecewa harga mahal aplikasi belah,Positif,Positif
5,konsultasi bagus,Netral,Netral
1,sumpah apk,Negatif,Negatif
5,bantu saat langsung praktek,Positif,Positif
5,bantu sakit antar dokter,Netral,Netral
5,alhamdulillah bantu proses sembuh jerawat,Netral,Positif
5,kadang dokter salah diagnosa sakit derita dokter but overall is good,Positif,Netral
5,konsultasi dokter offline online guna terimakasih halodoc,Positif,Positif
5,puas konsultasi halo doc,Positif,Positif
1,beli obat obat tulis terima link lacak terima obat klik bantu responya terima baik sistem,Positif,Positif
5,aplikasi bantu manfaat hindar nosokomial dokter ramah ramah terimakasih halodoc,Positif,Positif
4,konsultasi sebentar menit,Positif,Positif
5,aplikasi bantu sakit rs,Positif,Positif
4,cepat fast respon ramah,Negatif,Negatif
5,dangant bantu,Negatif,Netral
5,pagi pagi konsultasi moga cocok,Positif,Positif
5,dokter banget luvv,Positif,Positif
5,bantu terimakasih,Negatif,Negatif
2,bagus saran mah konsultasi salah dokter tolong bayar susah uang awat gampang cari asih tau kendala solusi,Netral,Netral
5,solusi baik kala rumah sakit tangan dokter handal alam,Positif,Positif
4,bagus dokter agam terkadang dokter balas chat mepet konsultasi,Positif,Positif
5,bantu respon cepat,Positif,Positif
5,dokter ramah ramah,Netral,Netral
5,bantu konsultasi dokter,Positif,Positif
2,konsultasi batal padalan,Positif,Positif
5,aplikasi bantu lo,Netral,Netral
5,bantu aplikasi,Negatif,Netral
5,dokter karlina mudah paham konsultasi dokter harga jangkau,Netral,Netral
5,aplikasi bagus respon ya cepat bantu,Positif,Positif
5,layan langgan ya cepat terimakasih,Positif,Positif
1,aplikasi buka uninstall butuh banget nih lihat diagnosa relevan konsultasi offline,Netral,Netral
5,mudah konsultasi,Positif,Positif
5,halo guna halodoc langsung konsultasi sakit alhamdulillah langsung gercep konsultasi resep obat thanks halodoc,Netral,Netral
1,aplikasi halodoc bagus tindak lanjut pesan komplenan chat bantu bantu kali komplen solusi pesan kurang toko obat direspon tuju kolom bantu kondisi sakit pesan obat cepat pesan ya pesan bayar va minimal langsung bayar full toko obat biar tanggung jwbnya,Positif,Positif
5,kali konsultasi dokter raja alhamdulillah respon cepat jerawat baik,Positif,Netral
5,bantu terimakasih,Negatif,Netral
5,hsl lab detak jtg normal kasi obat aldigoxin simarc bisoprolol minum berjedah pusing obat henti ya doc obat maryani,Positif,Positif
5,dalm erti pasien,Positif,Positif
5,bantu,Negatif,Netral
5,terima kasih halodoc,Netral,Positif
5,dokter ya detail recommended pokok,Negatif,Netral
1,melakilan bayar masak gara gaea sistem terdetaksi bayar tau mesan rerkonfirmasi bayar konfirmasi desember januari obat konfirmasi pas mntak refund bilang kendala sistem ya salah costumer lupa baik aplikasi costumer riwayat transaksi bayar,Positif,Positif
5,dokter christin tatukude bantu cepat tanggap,Netral,Negatif
2,error pas beli obat ongkirnya mahal,Netral,Netral
5,bagus bantu,Positif,Positif
5,suka app ya manfaat konsultasi sehat hemat rumah cuti kerja konsultasi fitur lengkap mudah paham harga konsultasi offline gamasalh terimakasih,Netral,Netral
5,jelas bagus,Negatif,Netral
5,jempol anak sakit halodoc bantu rumah desa dokter,Netral,Netral
5,dokter detail,Netral,Netral
5,bagus,Positif,Netral
5,cepat responnya,Positif,Positif
5,terimakasih halodoc bantu,Netral,Netral
5,bantu butuh tolong klinis,Netral,Netral
5,bagus banget dokter kompeten,Netral,Netral
5,respon dokter cepat n tanggapsmoga obat ya cocok anak,Positif,Positif
5,dokter ramahbaik konsultasi nyaman sehat dokter,Netral,Netral
5,mantap banget,Netral,Netral
5,gejala ringan mantap serasa teman dokter harga jangkau,Positif,Positif
5,nnya sehat bagus tuh dokter ya ramah,Netral,Netral
5,alhamdulillah perlahanlahan jerawat sembuh,Netral,Netral
5,cepat direspon,Netral,Netral
5,layan ya bagus dokter gigi ya ramah secata detail tangan masalah gigi,Positif,Positif
5,layan cepat,Positif,Positif
5,bantu tindak aplikasi liar terima kasih,Netral,Netral
5,dokter cepat ramah bantu,Negatif,Negatif
1,halodoc pakai kurir bayar bulan mikir problem kurir dapat cuaca jam kerja ujung ujung lempar kurir hari kompeten keteter,Positif,Positif
5,konsultasi mudah cepat dokter responsif,Netral,Netral
5,mantapalhamdulillah obat butuh,Negatif,Negatif
5,raham,Netral,Netral
5,membantuterlebih libuuruntuk komunikasi respon cepatpilihan dokter banyakyang kualitas obat jamin aslinyanya,Positif,Positif
5,bantu konsultasi rumah thanks a lot halodoc,Netral,Netral
5,belanja obat kosmetik gampang tinggal ketik tunggu sebentar repot repot cari apotik,Positif,Positif
5,bantu rim kasih halodoc,Positif,Positif
5,layan bagus,Positif,Positif
5,respon cepat pilih dokter spesialis,Positif,Positif
5,layan cepat terimakasih,Positif,Positif
5,dokter ramah fast respon,Positif,Positif
4,pakai bagus mudah apknys dokter pilih,Positif,Positif
5,mudahcepatpenyakit obat trm kasih,Negatif,Negatif
5,mudah temu dokter,Positif,Positif
5,helpfull,Positif,Positif
5,fast respon terima kasih,Negatif,Negatif
1,baru keranjang aplikasi ya jelek nih,Positif,Negatif
5,fakta respon puas jawab,Positif,Positif
5,mudah rumah,Netral,Netral
5,manfaat tinggal desa aplikasi mudah,Positif,Positif
5,praktis aplikasi mantap,Netral,Netral
5,dokter ramah sopan profesional sehat dok,Netral,Netral
1,loading masuk chat dokter spesialis pas masuk eh chatnya konsultasi rugi bayar konsultasi,Negatif,Negatif
5,respon cepat,Positif,Positif
5,mudah urus,Netral,Netral
5,bit pricey without insurance,Netral,Netral
2,biaya kirim mahal ribu ribu,Netral,Netral
5,darurat bantu tinggal desa batas,Netral,Netral
5,bahasa medan ya hebat paten,Negatif,Negatif
5,bantu darurat,Netral,Netral
1,chat dokter ya bayar tolong gratis,Positif,Netral
5,bantu fast respon,Negatif,Negatif
5,alam konsultasi dokter halodoc solusi fasilitas konsultasi saat rumah saran dokter bantu solusi keluh harga konsultasi ya jangkau solusi desak,Positif,Positif
4,tolong kasih fitur hapus chat kadang suka salah manggil dokter,Netral,Netral
5,good,Positif,Positif
5,coba sesi chat kali dokter lumayan fast respon jelas lengkap,Positif,Positif
4,respon konsultasi gercep,Positif,Netral
5,oke,Netral,Netral
5,layan dokter ya ramah,Netral,Netral
5,bagus,Netral,Netral
5,konsultasi cepatsangat bantu,Negatif,Negatif
5,dokter ramah profesional dokter cepat sekalli balas pesan,Positif,Positif
5,dokter ramah,Netral,Netral
5,mudah konsultasi dokter mana,Positif,Positif
5,bantu konsultasi dokter spesialis mudah,Positif,Positif
5,bantu gajala sakit kurang tunggu dokter,Negatif,Negatif
5,hemat biaya,Positif,Netral
4,membantudokternya ramah ramah,Positif,Positif
5,bantu n mantap,Netral,Netral
5,mudah aplikasi pakai langsung paham kendala pengembaliam dana hitingan detik moga update rubah,Positif,Positif
5,senang banget app bantu konsultasi sakit anabul konsultasi dokter wenny ramah cantik moga anabul sehat ya,Netral,Netral
5,kirim cepat gosendnya ok,Negatif,Negatif
5,tenang,Positif,Positif
5,lovee banget untung konsultasi,Negatif,Negatif
5,dokter ya ramah fast respon saran sesuai butuh,Positif,Positif
5,fast respon bagus layan ya suka coba konsultasi kehalodoc kecewa,Negatif,Negatif
5,respon rekomend ya bagus,Positif,Positif
5,bebas antri,Positif,Positif
3,ok cocok cocok resep obat ya,Positif,Netral
5,layan obat butuh terima terimakasih halodoc,Positif,Positif
1,sesi dokter menit ruang chat tutup menit telat menit jadwal brengsek kau buang uang orang,Negatif,Negatif
5,bantu bayi rumah konsultasi dokter dokter ya ramah,Negatif,Negatif
5,keren,Positif,Positif
5,bantu konsultasi dokter urgent malam libur tksh halodoc,Netral,Netral
4,enak ya hp,Positif,Positif
5,baik solusi bu dokter,Negatif,Negatif
5,didnt believe helpfull tangan lengkap singkat aman nyaman konsultasi penanganya cepat dokter profesional ramah terimakasih halodoc,Positif,Positif
5,konsultasi,Positif,Positif
5,bantu sehat temu dokter langsung ruma sakit aplikasi guna banget khawatir sehat,Positif,Positif
5,pusa bantu,Netral,Netral
5,mambantu sekaliii,Netral,Negatif
5,bantu pergi dokter terima kasih,Netral,Netral
5,aplikasi butuh rs bantu saat butuh resep obat,Positif,Positif
5,excelent,Positif,Positif
5,andal saat darurat butuh obat malam terimakasih halodoc,Positif,Netral
5,bagus cepat,Positif,Positif
5,bagus banget rekomendasi,Netral,Netral
1,pakai danaaa buka bantu anak sekolah kayak ribet banget,Negatif,Netral
5,puas,Positif,Positif
5,bantu terimakasih halodoc,Netral,Netral
1,bagus mudah swtelah update lag bug app hp pindah tolong baik bantu lokasi sepsrti,Positif,Netral
1,cod,Negatif,Netral
5,mudah bantu pandemi covid isolasi aplikasi halodoc salah andal sedia obat keluarga orang,Positif,Positif
5,respon dokter fast respon,Netral,Netral
5,layan bagus gercep,Negatif,Negatif
5,masyaa allah muas konsultasi jam pagi etik dokter sabar tunggu selesai etik beliau saran lebar ramah jelas mudah paham terima kasih dokter jasa moga baik dokter keluarga amin,Positif,Positif
1,ngelag parah,Positif,Positif
5,bantu pesan cepat,Negatif,Negatif
1,dijelasin lebar sekala nyeri suruh konsultasi dokter bedah lansung dijelasin sedikit gua alamin tangan awalrekomendasi obat gadibales durasi bentar kayak orang random bayar,Netral,Netral
4,membanturespon cepat,Netral,Netral
5,bantu praktek dokter,Negatif,Negatif
5,alhamdulillah konsultasi dada pilih dokter tarif ya pilih,Positif,Positif
5,huhu,Positif,Positif
5,suka konsultadi dokter dokter ramah,Netral,Netral
5,manteppppp,Positif,Positif
5,bagus banget gperlu dokter anak,Netral,Netral
5,bagus cepat tanggao,Positif,Positif
5,rumah lelaki kendara halodoc bantu banget keluh sakit,Netral,Netral
5,mantap dokter,Positif,Positif
5,solusi konsultasi pas urgent praktis banget langsung resep,Negatif,Negatif
5,manfaat saat urgent,Netral,Netral
5,dokter poll ramah,Positif,Positif
5,dokter ramah fast respon,Negatif,Negatif
5,membantudengan dokter perpesional milik alam bidang,Positif,Positif
1,beli obat kali alamat ganti jawa ngirimnya jakarta,Negatif,Netral
5,alhamdulillah bagus banget konsultasi disinidokternya ramah bantu informasi,Positif,Positif
5,dokter muas koreksi sakit trimakasih hallodoc,Negatif,Negatif
5,dokter fast respon banget ramah andal banget deh halodoc,Netral,Netral
5,konsultasi oke,Positif,Positif
4,harap tambah fitur tebus resepjadi tinggal photo scan resep,Positif,Positif
5,bantu butuh informasi kait sehat,Positif,Positif
5,respon dokter nya aplikasi mudah konsultasi dokter rumah,Positif,Netral
5,keren banget sih dokter,Netral,Netral
1,ya lupa email no telfon,Netral,Netral
5,andal butuh obat desak,Netral,Netral
5,respon dokter cepat banget trimakasih,Positif,Positif
5,bantu terimakasih halodoc,Positif,Positif
5,percaya,Negatif,Negatif
5,mantap butuh,Positif,Positif
5,mantap bantu,Positif,Positif
5,mudah konsultasi resep,Netral,Positif
5,bantu mudah ibuibu panik anak sakit,Positif,Positif
5,mudah konsultasi dokter,Netral,Netral
5,erti jelasmudah mudah obat cocok,Positif,Netral
5,alhamdulillah smpet ragu pesan halodoc selamat tuju,Positif,Positif
5,chatingannya kualitas pakar solutif saran,Netral,Netral
5,alam beli obat mudah opsi bayar agam beli obat mana tungkatkan layan,Netral,Netral
5,dokter ramah,Positif,Positif
5,terima kasih layan super cepat,Positif,Positif
5,dokter ya cepat merespon,Netral,Netral
5,mantap,Netral,Netral
5,membantuuuu rumah sakit daerah penuhhh pasien lainn huhuh,Positif,Positif
5,ya ketemu dokter ramah,Netral,Netral
5,puas mudah dokter rah,Positif,Positif
5,gercep banget nyamksh ya,Negatif,Negatif
5,dokter bantu enak konsultasi,Netral,Netral
5,bagus,Positif,Positif
5,bantu halodoc,Positif,Netral
5,ramah,Positif,Positif
5,mudah erti mudah,Netral,Netral
5,kali konsultasi halodoc konsultasi dsa alhamdullillah nemu dsa ramah sabar,Positif,Positif
5,halodoc sanagat bantu,Negatif,Negatif
5,esff,Positif,Netral
4,apk ya bagus,Positif,Positif
5,bagus mudah konsultasi beli obat,Netral,Positif
5,bantu banget ya allah,Negatif,Negatif
5,bantu sih,Netral,Netral
5,hujan error ya aplikasi halodoc amet lokasi obat auto titik posisi,Netral,Netral
1,pakai apk duit tahan halodoc,Positif,Positif
1,apk guna darurat dokter bayar chat dokter ketrangan dokter sibuk uang tarik,Netral,Netral
5,bantu apk ya terima kasih halodoc dok ya ramah,Positif,Positif
5,efektif efisien tolong,Positif,Positif
5,suka mudah konsultasi langsung dokter memudahkn obat optimal jangkau,Negatif,Netral
5,bantu darurat terima kasih,Netral,Netral
5,sehat bangsa indonesia,Negatif,Netral
5,bagus dokter,Positif,Positif
5,apk bantu saat kondisi dokter langsung,Positif,Positif
5,bantu sekaliii,Negatif,Negatif
1,konsultasi ya resep habis resep kirim lapor admin halodoc email resep ya jam tunggu hangus uang konsultasi ku resep obat,Negatif,Negatif
5,bantu tele tele,Positif,Positif
5,keren modern,Netral,Netral
5,terimakasih bantu kaum,Netral,Netral
5,mantapppp,Netral,Netral
1,alamat sesuai tera genting malam butuh obat,Positif,Positif
5,mudah beli obat toko ya,Positif,Positif
5,dokter n fast respon,Positif,Positif
5,jelas dokter ramah,Positif,Positif
5,mantap,Positif,Positif
5,bantu antri rs,Negatif,Negatif
5,keren halodoc dokter fast response obat langsung resep beli aplikasi halodoc obat mesan,Negatif,Negatif
5,limayan guna,Positif,Positif
4,bantu kerja rs baik konsultasi ya menit pasien pasienjadi kadang konsultasi selesai habis sih moga depan,Netral,Netral
5,guna klinik antri,Positif,Positif
4,lumayan manfaat butuh bantu dokter,Positif,Positif
4,bantu,Netral,Netral
5,bantu mana wilayah,Positif,Positif
5,bantu,Negatif,Negatif
5,bantu saat rumah sakit tinggal klik chat obat antar rumah,Positif,Positif
5,health app membantuuu,Netral,Netral
5,ol,Positif,Positif
1,mahal harga chat konsultasi,Positif,Positif
1,orang butuh solusi uang sakit mana iklas bantu ya bantu ya ber tarif,Positif,Netral
5,cepat tanggap,Positif,Positif
1,kendala aplikasi solusi,Netral,Netral
5,mudah obat saat mepet sukses halodoc,Positif,Positif
4,bagus sih mudah info sehat mula chat dokter bayar ya hehe sih kali maaf hapus apa assalamualaikum,Netral,Netral
5,bantu halodoc,Positif,Positif
5,bantu konsultasi malam urgen,Netral,Netral
1,tolong aplikasi sehat pembayarannumya ribeeet ampun gojek susah ngelink orang dana linkaja apasalahnya transfer bank banking,Netral,Netral
3,bingung ngisi saldo mana live chat bantu tolong fitur bayar banyak terimakasih,Negatif,Negatif
5,dokter ramah neranginnya kuga,Negatif,Negatif
5,tulis alamat tuju pengantatan obat rs jakarta pusat lupa tulis nomor kamar opname mama rawat proses penhiriman obat diperkirskan jam hamya jam sang antar obat telpon hp turun ambil obat ojol menunggi ruang igd rs terima kasih halodoc abang ojol,Netral,Netral
1,dokter lambat respon kacau,Negatif,Negatif
5,bagus banget,Netral,Netral
5,dokter bantu respon cepat,Netral,Netral
1,ampun deh habis transaksi bayar sekian konsultasi dokter chat rugi bayar konsultasi chat suruh transaksi chat dokter deh ya allah tlong maintenance dokter pilih sibuk upaya ganti tara gabayar guna loh halodoc bikin kecewa,Positif,Positif
5,dokter merespon cepat saran mudah paham,Negatif,Negatif
5,mulya aplikasi wkwkwkwkk,Positif,Positif
1,obat bayar lunas jasa kirim retur erti mau cs slow respon mintak alamat kali kali kasih kabar kembang paket obat,Positif,Positif
2,obat apotek harga obat selisih nombokin,Netral,Netral
5,fast respon dokter cepat terima kasih,Positif,Positif
5,layan bagus,Negatif,Negatif
5,apknya bantu banget terima kasih apknya,Negatif,Netral
5,mantap bantu,Positif,Netral
5,aplikasi bantu sakit pergi dokter aplikasi konsultasi dokter online beli obat online,Positif,Positif
5,bantu saat urgent,Positif,Positif
5,bantu berani konsultasi tatap muka,Netral,Netral
5,konsultasi dokter gampang bisathx halodoc,Netral,Netral
5,solutif dokter,Netral,Netral
5,dokter kulit rekomendasi thigita aga pandaleke spdve dokter ramahsolutifdan besttttt,Positif,Netral
5,thanks halodoc lu service ya moga,Negatif,Negatif
5,tangan kendala operasional cepat kualitas terima kasih,Negatif,Netral
5,membantutrimakasi,Netral,Netral
5,mudah cepat konsultasi dokter spesialis,Positif,Positif
5,bantu saat butuh doktenrya super ramah,Positif,Positif
5,sanagt bantu,Positif,Positif
5,bantu tangan keluh keluh minggu praktik dokter buka,Positif,Positif
1,sorry ya bayar sistem ya bikin dongkol lola dokter ya gercep kesini ya chat masuk untung dokter ya screensoot tau salah aplikasi,Positif,Positif
5,keren langsung atas,Positif,Positif
5,bagus kota tau mana halodoc solusi,Positif,Positif
5,informasi valid,Netral,Netral
5,dokter super hebat,Positif,Negatif
5,mantap tok,Negatif,Netral
5,dokter baikkonsultasi,Positif,Positif
1,proses,Positif,Positif
5,bantu kala anak sakit,Positif,Positif
5,dokernya rama banget,Netral,Netral
5,coba halodoc download aplikasi lamakarena aga sangsi dokter chattp mudah anak cepat sembuh,Positif,Positif
4,mudah,Positif,Positif
5,bantu apk,Positif,Positif
5,surat terang sehat halodoc,Positif,Positif
4,dokter ramah,Positif,Positif
5,anak ok,Positif,Positif
5,bantu sakit,Positif,Positif
5,alhamdulillah,Negatif,Negatif
5,layanam cepat,Positif,Positif
5,alternatif konsultasi dokter via online,Positif,Positif
5,bantu antri pilih dokter terima kasih halodoc,Positif,Positif
5,aplikasi bantu banget meskti posisi luar negeri konsultasi negeri daerah timur teng kenal mewah bianya konsultasi juta via halo dok bantu banget rakyat indonesia kerja obat bantu banget,Positif,Positif
4,sat set das des,Positif,Positif
5,aplikasi bantu respon profesional goo jobbb,Positif,Netral
1,aplikasi sampah mbayar ribu,Positif,Positif
5,dokter ya banget aplikasi lot,Netral,Negatif
5,cepat mudah,Negatif,Netral
5,dokter dyah ayu spkk komunikatif,Positif,Positif
5,bagus evisien,Positif,Positif
5,thanks dok,Positif,Positif
5,bagus aplikasi ya bantu,Negatif,Negatif
5,wajah gosong cenderung okronosis konsultasi spkk halodoc alhamdulillah flek hitam hilang terima kasih yuli wulansari terima kasih halodoc,Positif,Positif
5,solusi sehat,Positif,Positif
5,tolong aplikasi mudah anak balita terimakasih moga depan bagus aplikasi ya hang kecewa layan ya,Netral,Negatif
5,senang aplikasi halo dok semenjak halo dok solusi masslah sehat terima kasih halo dok,Positif,Positif
5,bantu,Netral,Netral
5,batu,Positif,Positif
1,banding maaf kilah jadi blablablablabla halodocnya evaluasi sistem pasien evaluasi egois ya rendah hati mikir salah teliti lunasin tuh tagih salah salah profile kayak responnya,Negatif,Negatif
2,donlod apk tipu,Negatif,Negatif
1,bikin hape gua rusak ngelag melulu,Netral,Netral
5,helping,Netral,Netral
5,guna bantu apotik dekat,Netral,Netral
5,sekian kali good aplikasi,Positif,Positif
5,dokter sigap kurir siaga mantul halodoc,Positif,Positif
5,dokter ya banget masya allah moga kayak dokter ya amin,Netral,Netral
5,beli obat flexible cepat repot apoteksangat bantu saat anak sakit kemanamana,Positif,Positif
5,layan mantap,Positif,Positif
5,terimakasih dengar keluh user moga cepat baik,Positif,Positif
1,dokter slow respon pakai ya buang uang menit menit dokter hilang selesai ngegantung,Positif,Positif
5,mudah cepat tindak mantab,Netral,Netral
5,alhamdulillaah bantu kurang panik resiko izin allah subhanahu wa taala pasti,Positif,Netral
5,bantu layan dokter ramah terimakasih halodoc,Netral,Netral
1,bantu konsultasi bayar,Positif,Positif
4,sayang cod ya beli obat,Netral,Netral
5,cocok solusi orang sakit rumah,Positif,Positif
5,simple aman,Negatif,Negatif
3,bayar ya sih lengkap ditambahin cod,Netral,Negatif
5,cepat percaya,Positif,Positif
5,pelayananya baguspokknya bintang,Positif,Positif
5,aplikasi berat mudah layan dokter tambah diskon obat ya,Netral,Netral
5,dokter ramah bantu,Netral,Netral
5,kali konsultasi dihalodoc dokter ramah terimakasih halodoc,Negatif,Negatif
5,mudah konsultasi hemat hemat uang trmksh,Positif,Positif
1,solutif kirim foto susah jdna konsultasi aplikasi rusak,Positif,Positif
5,bantu panik tatap muka langsung dokter,Netral,Netral
5,aplikasi bantu saat dokter libur praktek,Netral,Netral
5,konsultasi alhamdulilh dokter ramah,Netral,Netral
1,apotik tutup kasih order tim survei lapang ya update tunggu report beli,Netral,Netral
5,solusi baik obat langsung faskes,Positif,Positif
5,good malas etik,Netral,Netral
2,metode bayar pilih metode tf bank pikihan top up saldo kayak tolong diupdate aplikasi,Negatif,Negatif
1,bayar konsultasi doube,Positif,Positif
5,bantu aplikasi halodoc karyawan luang konsultasi dokter langsung,Positif,Positif
4,jelek selesai bayar konsultasi dokter selesai tugas uang,Netral,Netral
5,responnya cepat analisanya dokter spesialis alam terima kasih,Positif,Positif
5,mantap tingkat,Netral,Netral
5,bantu keluargaterutama darurat terima kasih,Positif,Positif
5,senang dokter fast respon,Positif,Positif
5,mudah,Positif,Positif
1,paket salep order tanggal jelas email tindak lanjut kejelasantipe kirim reguler estimasi paket januari tali email januari reguler ubah ekonomi,Positif,Positif
2,dokter ada dengar keluh pasien kali dokter psikolog dokter spesialis,Positif,Positif
5,aplikasi bagus dokter ya ramah cepat,Positif,Positif
5,dokter ramah ramah,Positif,Positif
5,terimakasih dokter sehat sukses,Positif,Positif
1,bug,Positif,Positif
4,tambah opsi prmbayaran qris virtual account bank bsi,Positif,Positif
5,bantu dokter ramah beli obat mudah,Positif,Positif
5,bantu kena penyakitpenyakit seharihari ganggu helpful thankyou savior app,Positif,Positif
5,bantu,Netral,Netral
4,good job halodoc rumah sakit bantu highlight ya pasien menit dokter handle pasien konsultasi kurang tunggu dokter slow respon balas chatnya tentu resep tebus bantu adjust ya biar mudah terima kasih warm regrats,Netral,Netral
5,sip sip,Positif,Positif
5,obat cepat dokter ramah sigap obat halodoc cocok mudah sakit repot rs klinik,Positif,Positif
5,aplikasi bantu,Negatif,Negatif
5,bantu suka puasdokternya cepat responnya,Netral,Negatif
5,respon developer ya cepat sih mantap jarang,Positif,Positif
5,mudah,Positif,Positif
2,haiodoc,Negatif,Negatif
5,putu hasil observasi sabar tunggu saia,Positif,Positif
5,good banget,Positif,Positif
5,obat pes sesuai kira hujan antar terimakasih halodoc,Positif,Positif
5,good and,Netral,Netral
5,alhamdulillah bantu,Positif,Netral
5,bantu darurat drop,Negatif,Netral
5,bantu konsultasi dokter spesialis,Netral,Netral
1,bayar dokter konsultasi tuh tolong aplikasi rugiin orang,Positif,Positif
5,aplikasi bagus bantu,Netral,Netral
5,puas layan sedia,Negatif,Netral
5,alkhamdulillah bantu banget keluh alami terimakasih,Positif,Netral
5,membntu,Netral,Positif
2,siang dokni konsultasi dokibu telat haidada obat mencarkan haid ya yatrims,Negatif,Netral
5,top thrusted,Negatif,Negatif
4,bentar banget anjeng menit doang sesi selesai chat,Netral,Netral
5,cepata,Netral,Netral
5,rekomen banget juang acne wajib konsultasi ya dokter ya baikcara jelas ya jelaspastinya kondisi membaikthankyou halodockdan dokter spesialis kulit,Netral,Netral
5,firsr pakai cepat akuratsemoga vouchernya,Netral,Netral
5,aplikasi sehat depan fiturnya lengkap banget konsultasi pesan obat dll bantu toko sehat delivery mitra apotik cepat,Positif,Positif
5,bantu obat urgent karyawan usaha swasta,Positif,Netral
5,pakai halodoc bantu konsultasi jangkau cepat tanggap,Positif,Positif
2,kecewa dokter kayak robot asih respon chat pakai pesan otomatis kasih sempat,Netral,Netral
5,bantu,Netral,Netral
5,tarik,Netral,Netral
5,alhamdulillah pakai halodoc konsultasi dokter meiza jerawat bekas ya tinggal,Netral,Netral
5,alhamdulillah halodoc bantu,Netral,Netral
5,alhamdulilah tolong aplikasi moga berkah aplikasi amin,Netral,Positif
5,alhamdulillah puas pakai apk mudah konsultasi dokter spesialis harga jangkau dokter ramah informatif,Netral,Positif
5,info akurat rasa keluh mudah dokter mendiagnosa obat,Negatif,Netral
1,bayar hubung doker tuju alesanya sibuk pas cari dokter alesanya sibuk tau tau room pas cari dokter suruh bayar anjir tipu,Positif,Positif
5,responnya cepatkonsultasinya nyamansemoga anak cepat sembuh,Netral,Netral
5,bagus bantu,Positif,Positif
1,kecewaaaa konsultasi cuman sebentar menit menititupun kasih jawab copy tinggal kirim kecewa pokok,Positif,Positif
5,aplikasi manfaat wlpn pakai luar negeri,Netral,Positif
5,membantudokter ramah,Positif,Positif
5,sangatt membantutapi tolong durasi panjang,Positif,Positif
5,mantabbb,Netral,Netral
5,bantu aplikasi,Positif,Positif
5,bantu aplikasi sambung asuransi,Netral,Netral
5,terimakasih pesan cepat sesuai minta obat anak sukses halodoc,Positif,Positif
1,benar sih kecewa banget pesan obat bayar servernya hilang,Netral,Netral
5,bagus banget lengkap ramah poll dokter adek,Negatif,Netral
5,bantu tepar drivernya galak suka emosi enak badan bawelin drivernya apresiasi halodoc serta dokter jajar gosend bantu,Positif,Positif
5,puas layan,Netral,Netral
1,aplikasi error tolong benah cekout obat tibatiba hangerror,Netral,Positif
5,worth banget,Positif,Positif
5,mantaps manfaat konsultasi dokter antri,Negatif,Netral
5,alhamdulillah mantap,Netral,Netral
5,sigap,Positif,Positif
5,moga jodoh resep kasi dokter halodoc,Netral,Netral
5,informasi bantu,Netral,Netral
4,praktiscepat jangkau periksa halodocterimakasih halodokmungkin saran sesi konsultasi ditambahkarna menit,Positif,Positif
5,aplikasi bantu dokter ramah harga jangkau,Positif,Negatif
5,bantu urgent,Positif,Positif
5,terimakasih bantu info sara dokter,Positif,Positif
5,dokter konsul enak,Positif,Positif
5,bantu konsultasi pesan obat,Netral,Netral
5,cepat bantu warga desa,Netral,Netral
5,layan gerceppp,Positif,Positif
5,bantu thx halodoc,Positif,Positif
5,bantu banget sakit istirahat rumah,Netral,Netral
5,respon cepat kirim cepat,Netral,Netral
5,efektif praktis informatif,Positif,Positif
5,moga bantu pergi rs,Positif,Positif
5,konsultasi disinisemoga bantu kulit sayananti ubah,Netral,Netral
5,dokter gizi detail bantu bingung berat badan drastis,Negatif,Negatif
5,bagusdokternya jelasin detail thank lu halodocthank lu dokter,Positif,Positif
5,bantu butuh obat kirim rumah rumah,Positif,Positif
5,bantu sekaliii aplikasi saat butuh obat dadak langsung cepat rumah,Netral,Netral
5,oke banget app ya,Netral,Netral
1,apk jujur iklan murah banget cat dokter tarik lihat murah kantong ajar konsultasi sehat mental eh mahal banget uang sih minta ragu bicara inti apk beda iklan iklan murah banget apk,Negatif,Negatif
5,halodoc for the rescue,Positif,Positif
5,bantu respon doctor ya cepat positif,Positif,Positif
5,dokter dokter krisna sopan banget,Negatif,Negatif
2,pakai kali kecewa obat sedia kota dokter tolong rekomendasi obat sesuai sedia obat lokasi pasien sakit obat sedia kesal konsultasi bayar hmmm,Positif,Positif
5,moga aplikasi halodoc bantu,Positif,Positif
5,thank you,Positif,Positif
5,terimakasihlayanan cepat mudah,Positif,Positif
5,cepat n tanggap,Positif,Positif
5,bismillah terima kasih hadir mudah,Netral,Netral
2,buka aplikasi halodoc hp hang pakai aplikasi hp freeze jalan kecuali restart,Positif,Positif
1,dana potong obat kunjung dikirimsudah komplain kesana kemarinamun obat dapatkanuang kembalikemana adu,Positif,Positif
1,fitur chat dokter bayar masuk roomchat konsultasi keluh balas dokter bayar admin,Positif,Positif
5,bantu konsultasi cepat,Positif,Positif
5,pelayananya cepat,Negatif,Negatif
1,tebus obat pakai resep halodoc shopee jual proses mesti platform lokasi pulau yagimana beli obat hadeh,Netral,Netral
3,aplikasi guna sehat kitadan bagus guna sakitterbantu ya apk,Netral,Netral
5,tambah fitur bayar ongkos kirim cash,Positif,Positif
5,konsultasi muas,Positif,Positif
5,welldone,Negatif,Negatif
5,mantab responnya cepat,Negatif,Netral
5,dokter baikcukup erti,Negatif,Negatif
5,terimakasih bantu saat nolong,Positif,Positif
1,janji,Netral,Netral
5,bantu komunikasi dokter pilih cepat obat anjur,Netral,Netral
5,cepat tanggap,Negatif,Negatif
5,konsultasi aplikasi halodoc mudah moga cocok ya,Positif,Positif
5,kali konsultasi beli obat dihalodoc percaya,Positif,Positif
5,alhamdulillah mudah konsuktasi,Positif,Positif
5,the best mantol,Positif,Positif
5,bantu sulit cari obat rumah tengkyu,Positif,Positif
5,bantu,Netral,Netral
5,oke banget bantu pergi mana konsultasi langsung,Positif,Positif
1,bayar dokter konsultasi halodog,Positif,Positif
5,mudah kirim obat ya cepat,Positif,Positif
1,ngabisin uang konsultasi bentar doang kayak konsultasi,Netral,Netral
5,bagus ribet lengkap,Netral,Netral
5,respon dokter cepat obat resep dokter mudah kampung harga jangkau,Positif,Positif
5,bagus dokter tanggap cekat,Positif,Positif
3,aman konsultasi dokter halodoc privasi jaga,Negatif,Negatif
5,bantu tangan keluh,Netral,Netral
5,rekomendasi,Netral,Netral
5,jelas,Positif,Positif
1,revisi ulas empat eh buset pesan obat tunggu kirim bandung tuju majalengka ekspedisi pakai sice,Positif,Positif
1,aduh ya nih halodoc cacat konsultasi rugi saldo dana potong konsultasi dikembaliin hehe salah dokter ya sibuk mah sibuk terang ya situ dokter sibuk sila chat dokter chat dokter bayar rugi mamam bintang,Positif,Positif
3,konsultasi kasih durasi menit dokter wajar ya gue psikolog woyy ge selesai curhat dokter off ya allah muas,Positif,Positif
5,puas konsultasi tinggal lihat hasil analisis dokter,Netral,Netral
1,ribet,Positif,Positif
5,tolong aplikasi halodoc,Positif,Positif
5,bantu sehat fisik mental,Netral,Netral
5,batu introvert malas pergi urgent banget,Positif,Netral
5,sih bagus halodoc bantu perlu darurat ketikaa butuh obatt ongkir rangin banyak diskon pesan member halodoc biar transaksi semangat,Netral,Netral
5,menbantuterima kasih sip,Netral,Netral
5,app bermanfaatsangat bantu,Positif,Positif
5,solutif,Netral,Netral
1,bayar kasih tau ya dokter sibuk pas bayar sibuk sih halodok uang kembali lapor,Netral,Netral
5,bantu app halodoc konsultasi rumah biyayanya murah terimakasih halodoc,Negatif,Negatif
5,bantu atas,Positif,Positif
5,sik mati kencing,Netral,Netral
5,bantu konsultasi jerawat,Positif,Positif
5,bantu saat butuh,Netral,Netral
5,rekomen banget,Negatif,Netral
5,bantu aekali,Positif,Positif
5,responsif cepat kom responnya bantu,Positif,Positif
3,kupon susah pakai,Netral,Netral
5,mwnyenangkan konsultasi pin terimakasih,Netral,Netral
5,bantu tangan sakit,Netral,Netral
1,pehhh,Positif,Positif
5,pesan obat langsung kirim,Netral,Netral
5,bagussejauh akurat dokter ramah terima kasih halodoc terima kasih dokter antonius wibowo,Negatif,Negatif
5,alhmdlh suka apk bantu pas masuk trkndla,Positif,Positif
5,oke bgttttt,Positif,Positif
5,praktis bantu,Positif,Positif
5,efektif,Positif,Positif
5,fast respon bantu urgent andal,Positif,Positif
5,suka banget dokter baikkk,Positif,Positif
5,aplikasi bantu respon dokter cepat,Netral,Netral
5,puas aplikasi respon dokter konsultasi,Positif,Positif
1,kartu asuransi halodoc sla selesai masalah atas,Positif,Positif
5,mudah konsultasi beli obat,Positif,Positif
5,suami sakit gigi telephone apotek rumah kosong coba cari halodoc mudah cari obat kirim jam jam obat terimakasih halodoc,Positif,Positif
5,kali beli obat alhamdulillah lancar,Negatif,Negatif
5,layan baikdetailramah dokter ramah banget,Positif,Negatif
5,suka banget pakai halodoc sakit langsung rumah sakit aaajjj,Positif,Positif
5,salut jaga kualitas layan halodoc manfaat solusi masy jaga rawat sehat,Positif,Positif
5,bantu donter jam,Positif,Positif
1,pesan obat jam pakai instan btalin komplain ribet banget,Positif,Positif
3,proses bayar ribet bangetd aplikasi log akuntapi gilir bayar,Positif,Positif
5,pesan,Positif,Positif
5,kenpa halodoc pembayrannya pakai baca sih tf bank susah jdinya aplikasi,Netral,Netral
5,terimakasih dokter perhati,Negatif,Netral
5,doktwrnya fast respon moga obat cocok lekas sembuh,Positif,Positif
5,alhamdulillah,Netral,Netral
3,dokter balas chat durasi konsultasi hannya dokter balas nyampaikan keluh detail apkk mudah konsultasi apkk ya bagus ganggu sistem,Netral,Netral
5,bantu pusing kondisi kulit wajah,Positif,Positif
5,sok helpfull,Positif,Positif
5,praktis cepat antri,Netral,Netral
5,mantebs,Positif,Positif
4,alhamdulillah bagus sih aplikasi bantu masyarakt mngalami sulit playanan kesehatn medis msyarkt total brhnti halang brtugas kendala top up pembayarn obat trhubung trpaksa beli obat daerah trdekat halo dok,Netral,Netral
1,saldo potong dokter sibuk dah kembali,Negatif,Netral
5,aplikasi lancar bantu,Positif,Positif
5,bantu aplikasi,Negatif,Negatif
5,cepat responnya,Negatif,Negatif
5,bantu banget urus hewan bagus banget,Netral,Netral
5,bagus malam tambah menu nilai driver kasih tips driver min kasihan juang receh apresiasi mas banget jdnya asih tunai deh pegang uang tunai uang tunai loh jaman serba qris,Netral,Netral
5,sanagat batu,Positif,Positif
5,mumudahkan,Positif,Positif
5,jelas bagus,Negatif,Negatif
5,easy n simple,Netral,Netral
5,bantu banget suka luar kota orang rumah sakit senin terimakasih develop ide apk pahala,Positif,Positif
5,sip banget,Positif,Positif
5,bantu tangan orang tua pergi dokter sakit,Positif,Positif
5,bantu nyan ramah,Negatif,Negatif
5,tolong gratis ongkir,Positif,Positif
1,kecewa sih search dokter spgk dokter spa muncul list salah pilih dokter konsulmelayang uang,Netral,Netral
5,bantu,Positif,Positif
5,bantu orang malas antri luang dokter offline,Positif,Positif
5,mantabsss,Netral,Netral
5,mntap layan bagus mohon ditambhi dengn ewallet,Netral,Netral
5,bantu rekomendasi,Positif,Positif
5,alam konsultasi halodoc enak rumah,Negatif,Negatif
5,bantu mana,Netral,Positif
5,kirim cepat bantu,Positif,Positif
1,batas ya pas konsultasi tinggal chatnya jam balas dokter anggap selesai uang sia sia,Positif,Positif
2,sesal pesan obat aplikasi halodoc banget kirim rekomendasi apotek dekat tahu pulau daerah kalimantan selatan kira kirim banjarmasin surabaya obat tunggu,Netral,Positif
5,bantu praktis,Negatif,Netral
5,susah cari obat harga obat mahal,Netral,Netral
5,bantu sakit antri rs,Positif,Positif
5,alhamdulillah konsultasi halodoc ahli profesional biaya konsultasi jangkau konsultasi mudah rekomendasi banget sih kaum introvert terimakasih halodoc,Positif,Positif
5,pas kerja shift malam muncul ruam merah kaki cair panik engah lumayan perih langsung konsultasi halodoc chat dokter resep obat langsung antar obat resep usaha posisi kerja shift malam overall gratis tanggung asuransi usaha hehe terimakasih halodoc,Positif,Positif
4,obat surat dokter online ya,Positif,Positif
5,aplikasi manfaat masyarakat,Positif,Positif
5,bagus aplikasi,Positif,Positif
5,manfaat cepat,Netral,Netral
5,updte pencet apaerror baik ya,Positif,Positif
5,terima kasih dokter cepat tanggap tangan konsultasi,Positif,Positif
5,dokter keren fast responterima kasih,Negatif,Netral
5,mantap simpel cepat,Positif,Positif
5,dokter astrid,Positif,Positif
5,informasi,Netral,Netral
5,dokter detil,Positif,Positif
5,mantaab,Positif,Positif
5,dokter bantu,Positif,Netral
5,terima kasih bantu,Positif,Positif
5,bagus pokok dokter pilih banget luvvv,Netral,Positif
1,gua ngerelain duit makan gua konsultasi psikolog biar gua tenang dicuekin makan noh duit haram,Positif,Positif
5,siksa sakit gasanggup jalan dokter lupa aplikasi halodoc alhamdulillah langsung sembuh nelen keringetan badan pulih obat ya bagus mahal asli langsung sembuh,Negatif,Netral
5,bantu sakit,Negatif,Netral
1,aplikasi responsif lot,Netral,Netral
1,update error klik bayar beli obat kali ganti dokter resep error buang kurang platform assuransi,Negatif,Negatif
5,ramah jelas ya mudah dipahamicepat banget asa obat langsung,Positif,Positif
5,bantu kala butuh dokter mager,Negatif,Negatif
5,bantu kala dokter langsung,Positif,Positif
5,mntaaap trbantu ya halo doc,Positif,Positif
5,bagus banget,Netral,Positif
5,terimakasih pusa jawab,Netral,Netral
5,bantu dwngan aplikasi,Positif,Positif
5,rekomen hindar kerumun rs manfaat,Positif,Positif
1,semenjak driver borzo apotik halomedika lelet kirim borzo driver baik,Positif,Positif
5,bagus cuy,Netral,Netral
1,mohon halodoc mesan obat instan nama milly kirim sesuai kira ya kembaliin uang hubung cs lo pikir tuh uang daun layan buruk,Negatif,Negatif
5,dokter bagus banget buka responsif,Negatif,Netral
5,jelas lengkap,Negatif,Negatif
5,dokter ramah bantu sulit rs,Negatif,Netral
5,manfaat manfaat layan sehat mana keluarga,Positif,Positif
5,keren bantu banget,Netral,Netral
5,membntu sakit sembuh,Netral,Netral
5,layan konsultasi cepat tunggu dokter tanggap atur janji konsultasi voucher alangkah baik keluar kode voucher manfaat terkadang obat estimasi,Positif,Positif
5,terima kasih dok,Positif,Netral
5,respon cepat terima kasih dok,Netral,Netral
5,konsultasi cepat dokter tangan kluhan trimakasi,Positif,Positif
5,bagusssss,Netral,Netral
5,resposif,Positif,Positif
5,dokter maksimal,Positif,Positif
1,beli obat halaman ya pencet aneh banget nih aplikasi,Negatif,Negatif
5,layan bagus cepat resep obat cocok terima kasih,Netral,Netral
5,mantap banget,Positif,Positif
5,thank you halodoc,Netral,Netral
1,aplikasi aneh batalin pesan dana balik gila aplikasi,Netral,Netral
5,konsultasi pakai susah via halodoc,Netral,Netral
2,beli obat aplikasi loading laman bayar aneh banget ya,Positif,Positif
2,buruk kirim lamaaaa app hari suruh stres appnya bikin orang stres,Positif,Positif
5,mudah komunikasi dokter beli obat dll jangkau,Positif,Positif
5,bantu aplikasi tambah hubung asuransi konsultasi cepat obat cepat sehat,Netral,Netral
3,order obat kecewa proses kirim apotek domisili cari apotek dekat,Positif,Positif
5,bagus terimahnkasih dokter fadhli,Netral,Netral
5,bantu,Positif,Positif
4,bantu kala sakit urgent,Negatif,Negatif
1,bantu konsultasi spesialis kulit kali jerawat sembuh parah aduh bayar gratis,Positif,Positif
5,bantu konsultasi resep dokter,Netral,Netral
5,bantu sakit pesan obat konsultasi dokter mudah efisien,Netral,Netral
5,ok bagus,Positif,Netral
5,rekomendasidokternya ramahjangan takut konsultasi dokter,Positif,Positif
5,bantu kala sanggup klinik apotek,Positif,Positif
5,bantu halodoc super cepat,Negatif,Negatif
1,upgrade aplikasi bagus lot bayar loading mulu bayar,Negatif,Negatif
4,keluh kesah psikolog saat mana punplong hati,Netral,Netral
5,bantu terima kasih dokter,Netral,Netral
5,moga cocok kulit baik,Negatif,Netral
4,okela,Positif,Positif
5,manfaat,Negatif,Negatif
5,aplikasi bantu,Negatif,Negatif
5,terimakasih kasih respon dokter,Positif,Positif
1,apk sampah lelet cs tolol download apk susah verifikasi data awas data salah ya ngulik pusat bantu email balas ya sambung,Negatif,Negatif
5,dokter laktasi tantri recomended,Netral,Netral
5,aplikasi bagus dokter profesional,Netral,Netral
5,konsultasi ya sambung enak nyaman good deh pokok,Negatif,Negatif
5,terbantudokternya ramah,Positif,Positif
5,mudah chat dokter online kenal,Positif,Positif
5,respon cepat n kooperatif,Netral,Netral
4,mudah halodoc,Negatif,Netral
5,moga masyarakat indonesia hidup sehat,Positif,Positif
5,pesan obat cepat rumah kirim instan,Positif,Positif
5,gooods,Netral,Netral
5,bantu mudah aplikasi,Positif,Positif
5,bantu aplikasi darurat customerpasien repot keluarpergi rumah sakit puskesmas terimakasih halodoc,Negatif,Negatif
5,cepat respon,Netral,Netral
5,mudah obat konsultasi dokter,Positif,Positif
1,aplikasi cocok tipe handphone bikin hp error niat cari solusi emosi gara aplikasi mohon baik sakit keburu basi error mulu,Negatif,Netral
5,ramah arah,Positif,Positif
5,dokter baikdan ramah,Positif,Positif
5,alhamdulillah pakai konsultasi bantu dokter ramah,Positif,Positif
1,beli obat butuh banget pas checkout loading sinyal aman hp anti lelet aplikasi,Negatif,Negatif
5,alhamdulillah bantu konsultasi,Positif,Positif
1,tipu tipu voucher khusus mitra pakai,Netral,Netral
3,maps ya akurat refresh maps geser maps jari gera driver real time app masuk cek posisi driver,Positif,Netral
5,simple eazy use cepat,Negatif,Negatif
5,bantu informasi resep obat antri rumah praktis,Positif,Positif
5,aplikasi bantu,Netral,Netral
5,pesan onat toko obat lumayan rumah,Negatif,Negatif
5,halodoc konsultasi apa,Positif,Positif
2,psikolog mahal aplikasi belah solusi bantu kayak curhat teman,Netral,Positif
5,bantu banget badan enak dam antri klinik bawa igd sakit parah mending by halodoc,Negatif,Negatif
1,not recomended kali ya download aplikasi halodoc beli minyak ton murah pakai kupon rela rebut kupon orang pesan batal enak jidat sesak banget njiiirrr,Netral,Netral
5,moga depan fitur fitur diupdate bagus aman transaksi,Netral,Netral
5,bantu kait sehat mana,Positif,Positif
5,mudah praktis,Netral,Netral
5,bantu banget sembuh halodoc,Positif,Positif
1,aplikasi lelett banget error pas konsultasi waktuny menit loadinh doang tunggu menit dojternya jelas habisin duit mulu repot banget penbayarannya konek apk ngisi saldo halodocny gbisa heran,Netral,Netral
5,ria kasih bantu,Netral,Netral
2,halo doktolong baik aplikasinyacz kirim instan pilih apotik terdekatnyajangan jauh sesuai titik maps nyathx,Netral,Netral
4,alhamdulillah apknya bantu alami bayar potong konsultasi dana akhir harap konsultasi pindah konsultasi dokter uang moga pertimbagan apknya,Positif,Positif
5,bagus cocok konsultasi,Positif,Positif
5,informatif,Netral,Netral
1,obat obat lengkap tebus apotek kesel kerja kali,Negatif,Netral
4,bagus tolong,Netral,Netral
3,konsultasi resep dokter rubah klik cek harga tercover asuransi tidak obat ganti mohon baik,Netral,Netral
5,aplikasi bantu konsultasi online,Netral,Netral
5,dokter ramah,Netral,Netral
5,bantu pasien sakit,Positif,Positif
5,cepat tanggap,Netral,Netral
5,mudah konsultasi dokter kuar rumah,Negatif,Negatif
5,banyak iklan dikit dikit iklan,Negatif,Negatif
5,bagus praktis sambung fasilitas asuransi layan antar online,Positif,Netral
5,dokter aplikasi bantu ramah,Positif,Positif
1,banget tibatiba dibatalinmana alas batal lagikalo umpama dibatalin stok kosong ditampilin etalase awal tibatiba main dibatalin ajapadahal terang ambil kurir,Negatif,Negatif
5,keren banget sih halodoc ribet bayar sukses,Positif,Positif
1,pesan obat loading payment,Positif,Netral
5,coba pesan vitamin anak asrama kota mantap bgetzz menit vitamin asrama anak terima kasih halo doc,Positif,Positif
1,super duper lelet pesan obat jam jam siang pilih instan jam ongkir mahal tangan ya lelet filter kirim ya klinada bintang bintang,Positif,Positif
5,trimaksoh dokter,Negatif,Negatif
4,konsul tas ya memuaskansemogs halodok bantu,Negatif,Netral
5,aplikasi bantu mudah tunggu mana,Negatif,Negatif
5,singkat padat jelassss wajah glowing ulas,Positif,Positif
5,dokter ramah bantu,Positif,Positif
1,baik sistem lag,Negatif,Netral
5,keluh tanggap sabar teliti dokter alhamdulillah kondisi baik terima kasih dokter meyza halodoc,Negatif,Negatif
5,ok barang antar sealed jamin aman bersih jaga,Netral,Netral
5,dokter ramahkonsulnya bantu trimakasih dokter sehat,Positif,Positif
5,bagus dokter ramah,Positif,Positif
1,gratis bayar,Positif,Positif
5,batu kondisi desak biaya relatif jangkau terimakasih halodoc,Netral,Netral
5,bantu bunda introvert biar konsultasi nyaman dokter spesialis,Positif,Positif
5,dokter ya ramah,Netral,Netral
5,cepat responya jelas dokter ramah,Positif,Positif
5,bagus bantu hidup sehat,Positif,Positif
5,cepat praktis solusi sehat,Netral,Netral
5,bantu banget,Netral,Netral
5,rekomendasi dokter ramah fast respon,Positif,Positif
5,dokter sabar n jelas lengkap,Negatif,Netral
5,aplikasi bantu,Positif,Positif
5,terimkasih konsultasi langsung dokter specialis selma menit setelh menit otomtis konsultasi selesai surat rekomendasi dokter solusi bagus aplikasi siapin saldo seblum konsultasi,Positif,Positif
5,cepat respon manfaat,Positif,Positif
5,obat tempat konsultasi dokter voucher ya,Positif,Positif
5,dokter dokter jelas ya rinci mudah pahamii,Netral,Netral
5,terima kasih halodoc mudah konsultasi dokter,Netral,Netral
5,konsultasi dokter rumah,Netral,Netral
5,dokter ya informatif sampai ya lengkap aplikasi lengkap sehat,Negatif,Negatif
5,aplikasi halodoc mudah obat antri obat dokter penuh,Positif,Positif
5,bagus murah dokter ramah,Positif,Positif
2,rzz o,Positif,Positif
1,kali konsuk solusi sia sia suruh langsung dokter tatap muka kayak mending halodoc,Netral,Netral
5,trimakasih dok moga resep obat mambuat jerawat baik jelas doktor singkat padat,Netral,Netral
1,jwaban lebar serta hasil jlskan jwaban hindar konsumsi ternyta smpaai balas,Negatif,Negatif
5,konsultasi urgent laksana saat kondisi,Positif,Positif
5,good bantu perlu beli obat obat harga ya standart harga beli apotek langsung,Negatif,Negatif
5,bantu,Positif,Positif
5,muas konsultasi initapi timer ya cepat,Positif,Positif
5,bantu sepuh,Negatif,Negatif
5,respon cepat mudah bantu,Negatif,Negatif
5,good mmbntu fast respon,Positif,Positif
1,rpepo lk ya p,Netral,Netral
4,bantu anak sakit mata kali pakai halodoc allhamdulillah dokteenya ramah keluh langsung kasih resep dokter,Positif,Positif
5,terima kasih halodoc bantu,Positif,Positif
5,bantu kala klinik rs dokter ramah profesional cocok,Negatif,Negatif
4,mudah konsultasi dokter,Positif,Positif
5,dokter ramah fast respon bantu moga keluh atas sembuh terima kasih dokter raja tina halodoc,Positif,Netral
5,bagus tenang,Positif,Positif
5,bantu,Positif,Positif
1,banget bilang psikolog solusi bayar etik katain dokter psikolog ya tele tele iya cerita takut bayar murah ribu sesi menit deh menit asih saran pikir positif off buka praktek kapai online ngantuk maaf uninstall dokter gedek,Positif,Positif
5,bermaanfaat,Positif,Positif
5,berkat app sembuh jerwat,Positif,Positif
5,halodoc membantuuu terimakasih hadir mudah obat,Positif,Positif
5,cepat mantap,Positif,Positif
5,download tes jiwa gue,Positif,Negatif
5,cepat,Negatif,Negatif
5,batu pokok thebest,Netral,Netral
1,update,Positif,Positif
5,layan dokter dokter ya memuaskangood job,Negatif,Negatif
5,dokter jelas,Positif,Positif
5,tanggap,Positif,Positif
4,respon doter ya,Netral,Netral
4,min aplikasi login ya pas pasuk kode nomer ya langsung menu utama solusi ya,Positif,Netral
5,cepat responya,Positif,Positif
1,pesan gosend halodoc suka sinkron data apotek tugas kekeh ngotot update stok obat hari halodoc kasihan drivernya salah aplikator gosendnya halodocnya kerja sistem gosend halodocnya suka utak atik,Netral,Netral
1,kirim instan unggul halodoc situ kirim toko ijo oren bolak cari obat instan obat tambah capek bolak,Netral,Netral
5,mantap,Positif,Positif
3,pasang alamat ya ribett sesuai ngikut peta apk ya gegara almt ya sesuai halodoc bolak ngechat email halodoc asih tau alamt untung pesan jelas dokter ya sih bagus,Netral,Netral
5,teman hidup sehat,Positif,Positif
1,aktifin paket sehat via tekomsel pakai layan buruk bikin kecewa,Positif,Netral
5,mudah bantu,Positif,Positif
5,dok ramah,Netral,Netral
5,apk bantu p,Positif,Positif
5,aplikasi bantu deteksi sakit hemat ongkos rs klinik,Positif,Netral
5,aplikasi bantu banget konsultasi dokter sesuai butuh rumah thanks,Negatif,Negatif
5,bantu rekomendasi banget pokok,Netral,Netral
5,ok nice,Netral,Netral
5,cepat muas,Negatif,Negatif
5,mudah bantu emergensi konsultasi beli obat,Netral,Netral
5,bantu pasien jalan rs,Netral,Netral
5,thankyou,Negatif,Negatif
5,simple helpfull,Positif,Positif
5,dokter bagus alhamdulillah sok far sok good solusi orang sakit mager antri dokter,Netral,Netral
5,thanks halodoc,Netral,Netral
5,praktis cepat kirim obat,Netral,Netral
5,bantu dadak keluh rs sopir libur,Netral,Netral
5,pesan cepat,Netral,Netral
5,dokter fast respon bantu banyak dokter praktek sore klao sakit tahan sore halo doc tolong,Netral,Netral
5,bantu,Positif,Positif
5,bantu konsultasi dokter,Netral,Netral
5,kirim cepat,Positif,Positif
1,payah,Positif,Positif
4,pelit anjur kali infodan pantang info,Negatif,Netral
5,serasa dokter pribadi bantu kala butuh medis jangkau daerahdaerah,Netral,Netral
5,dokter ramah mudah konsultasi habis darimana,Positif,Positif
5,dokter ya ramahsangat membantuterima kasih,Netral,Netral
5,bagus dokter ya ramah ramah,Positif,Positif
5,bantu atas kulit berjerawatbertahuntahun,Positif,Positif
5,aplikasi simpel hubung dokter cepat layan obat,Negatif,Negatif
5,bantu konsultasi cpat,Negatif,Netral
5,dokter kompeten layan fast respon,Positif,Positif
5,aplnya bagus persen bingung ya allah mana beli obat apotek beli resep dokter pas ku tunjuk resep dokter digital oengen sembuhh ya allah,Positif,Positif
5,recommended ut butuh obat desak malam layan cepat abang ojol ramah,Positif,Positif
1,kali kecewa pakai halodok alas driver ambil obat hujan meriang dicancel,Positif,Positif
1,pikir pesan obat instant halodoc cepat jam sesuai estimasi tau kendala apotek drivernya kecewa,Positif,Positif
5,puas dok nyadan saran ya bagus,Positif,Positif
5,ragu pakai hallodoc,Positif,Positif
5,bantu mudah obat halodoc recomended,Netral,Netral
5,manfaat,Positif,Positif
1,kuereeeen,Positif,Positif
5,mantap,Positif,Positif
3,konsultasi dokter cepat selesai konsultasi otomatis sebal,Negatif,Negatif
5,bagus banget dokter ramah ramah,Positif,Positif
5,suka banget manfaat,Positif,Positif
5,dokter responya cepat akurat,Negatif,Negatif
5,dokter sesuai tau banget luah butuh obat,Positif,Positif
5,konsultasi mudah,Positif,Positif
5,aplikasi guna,Positif,Positif
4,depan sytem topupnya bayar taut,Positif,Positif
5,puas layan drnk ratnadewi spkj layan ramah n,Netral,Netral
5,suka jelas dokter detail mudah erti best pokok,Positif,Netral
5,bantu promo dokter ramahramah detail laku hindar,Positif,Positif
5,aplikasi butuh jaga sehat jiwa raga,Netral,Netral
5,bantu konsultasi kulit daerah dokter spkk,Positif,Positif
1,beli obat responnya dibatalin,Netral,Netral
4,responnya cepat suka,Netral,Netral
5,konsultasi tommy dokter fast responhalodoc bantu,Negatif,Negatif
5,dokter,Netral,Netral
4,sesuai butuh,Positif,Positif
5,bantu kondisi pepet,Negatif,Negatif
5,helpfull jam butuh obat aman dokter standby good,Positif,Positif
1,cari alamat akurat nyasar mana,Netral,Netral
1,pakai kode promo gojek swadaya eh pas pakai vocher laku ribet banget,Netral,Netral
5,bantu konsultasi mesan obat gercepnice app,Negatif,Netral
5,bantu banget susah kontrol,Negatif,Negatif
5,bantu dokter ramah,Positif,Positif
5,terimakasih halodoc dokter supriono ramah moga manfaat orang,Positif,Positif
5,bantu pelosok,Negatif,Netral
5,mantap mudah orang layan sehat moga berkah,Netral,Netral
5,respon cepat informasi bantu,Positif,Positif
5,kali konsultasi moga sembuh penjelasanny puas banget,Negatif,Negatif
5,bantu sembuh sakit,Netral,Netral
1,ngehang,Netral,Netral
5,cepat detail bantu,Netral,Negatif
5,belanja obat mudah aman,Positif,Positif
5,terimakasih bantu,Netral,Netral
5,konsultasi,Netral,Netral
5,muas konsultasi dokter halo doc,Negatif,Netral
5,kali coba moga cocok resepinnya,Positif,Positif
5,respon cepat,Negatif,Negatif
2,aplikasi lelet banget ya konsultasi bayar proses gilir hasil keburu dokter sibuk tunggu uang,Positif,Positif
2,konsultasi selesai menit tutup menit bayar tolong pakai transfer bank mudah,Netral,Positif
5,mudah cari obat,Positif,Positif
5,guna banget aplikasi mudah cepat,Netral,Netral
4,kali layan konsultasi jiwa alam bagus alam kecewa sesi konsultasi laksana virtual bas chat maksimal padan harga harap apk dokter dalam layan,Positif,Positif
5,pilih dokter cepat obat keliling apotek recommended,Positif,Positif
5,bantu terimakasih halodok,Netral,Netral
1,ngisi saldo ya bgimana sih tutorial gopay masalah top up halodoc tolong tutorial ya,Netral,Netral
5,kompeten,Positif,Positif
5,trimakasih dokter responsif,Positif,Positif
5,good bantu,Negatif,Negatif
1,sampah bayar dokter bilang dokter sibuk coba chat dokter maksudnyaaa suruh bayar mikir,Negatif,Netral
5,dokter komunikatif obat sesuai kondisi keluh dokter saran test darah order home lab tks,Positif,Positif
5,dokter respont cepat terimakasih dokter frieda,Positif,Positif
5,respon jelas,Positif,Positif
5,informatif cepat tanggap,Netral,Netral
5,perfect,Positif,Netral
1,ambil simpul driver emak borzo sopan driver borzonya kena ibasnya apotek tutup driver keras apotek malam harga korban ya gara driver kacau,Positif,Positif
4,respon dokter ya lumayan cari obat ya apotek ya,Negatif,Negatif
5,okee muas bantu urgent,Positif,Netral
5,bantu orang wakyu rumah sakit klinik jumpa dokter rumah suudah tau sakit ya obat hebat biaya sih bayar tagih konsultasi doktertanpa biaya transpot rumah sakit,Positif,Negatif
4,terkadang sisa obat gap over all oke bagus,Netral,Netral
1,kayak update pencet,Positif,Positif
5,mantap bantu,Positif,Positif
5,layan bagus kirim cepat tks,Positif,Positif
5,bantu konsultasi langsung rs drthx,Positif,Positif
1,hati beli obat sinisaya pesan obat nov obat expired oct,Positif,Positif
5,okeeeee,Positif,Netral
5,helpful banget konsultasi via daring lihat jam buka aplikasi dokter ya ramah komunikatif,Positif,Positif
5,mantap banget pokok,Negatif,Negatif
5,respon jual pengieiman cepat,Netral,Netral
5,oke kesan lancar,Netral,Netral
1,aplikasi ya lelet anjir kembali dana menit nyata ya jam jam coba tihati siapin sabar luas urgent tau dana ya,Negatif,Negatif
5,bantu banget,Positif,Positif
1,dasar aplikasi tipu kesal halodoc tera harga tanggung asuransi konsultasi suruh bayar feedback halodoc kalah argumen ya ya tanggung ya harga asli potong asuransi feedback asuransi ya tanggung halodoc salah tanggung tipu,Netral,Netral
1,mohon maaf bintang sakit bikin stres aplikasi,Netral,Netral
5,bagus layan puas banget,Negatif,Negatif
5,mudah bantu,Netral,Netral
5,irt ldr suami anak bantu harga konsultasi langsung rs klinik,Negatif,Negatif
5,ramah cantik,Netral,Netral
5,bagus banget konsultasi detail tolong banyak sistem bayar ya terimakasih,Netral,Netral
5,membantupenjelasan dokter ya terima respon ya cepatsemoga upgrade bantu mudah penggunasemoga tenaga medis n jasa antar sehat,Positif,Positif
5,keren mudah,Netral,Netral
1,refund otomatis cari ganti reorder bayar pakai asuransi aplikasi easy use,Positif,Positif
5,kesan bagus oke deh,Positif,Positif
1,metode bayar alternatif via alfamartindomart,Negatif,Negatif
5,bantu banget kala super pepet,Positif,Positif
2,sayang apotik buka jamklo urgent malam,Positif,Positif
5,bantu mana anak susah mana antri dokter bpjs wuaduh mesti pagi antri halodoc cepat,Positif,Positif
5,dokter kirim obat cepat terima kasih halodoc,Positif,Positif
5,aplikasi guna bantu mudah rumah sakit versi mudah jangkau harga,Positif,Positif
5,mudah konsultasi hemat,Netral,Netral
5,bagus ramah,Negatif,Negatif
5,respon cepat kode promo bagus,Positif,Positif
5,layan ramah,Positif,Positif
5,bantu dokter ramah,Netral,Netral
5,ok banget manfaat,Positif,Positif
5,bantu dokter anastasia kharisma halodockomunikasi bagus cepat jelastadinya ragu konsultasi coba sngat bantu kondisi alami initrima kasih ya dok saran ya,Positif,Positif
5,bantu tahu ku alam,Positif,Positif
5,good,Netral,Netral
5,praktis antri,Positif,Positif
5,dokter baik,Positif,Positif
1,sesuai iklanpromo,Positif,Positif
5,moga konsultasi ya,Negatif,Negatif
5,dokter ramah bantu terimakasih,Netral,Netral
1,promo pakaipercuma pajang,Netral,Netral
5,mantapppp mudah konsultasi terima resep kirim obat,Positif,Netral
5,tarik syukur aplikasi,Positif,Positif
5,ribet banget paham pakai aplkasi inistlh enak,Netral,Netral
5,bantu anak malam demam trmksh dok,Positif,Positif
5,tolong era digital,Netral,Netral
5,bantu mudah konsultasi dokter spesialis,Netral,Positif
5,kali konsultasi online cepat banget responnya terimakasih halodoc,Netral,Netral
5,thx diagnosa ganggu makan pribadi,Netral,Netral
5,bantu sakit malam mana,Netral,Netral
3,halo doc hemat kadang lambat balas pasien jdu antri balas chat,Netral,Netral
5,jelas dokter mudah erti aplikasi bantu salah tangan akibat self diagnose,Netral,Netral
1,kirim pilih jasa kirim kasih resi jasa kirim shipperestimasi obat tepatkomplain jasa kirim shipper kasih resi sih cepatbukannya mudah palah bikin repot tolong baik lagibaru kasih bintang,Netral,Netral
1,sistem obat duit mager,Positif,Positif
5,bantu konsultasi dokter belanja obat tidur terimakasih halodoc,Netral,Netral
5,terimakasih orang aplikasi,Positif,Positif
5,ribet obat,Negatif,Netral
2,kirim chat web konsultasi kurang web jalan,Negatif,Negatif
5,beli obat gampangkonsultasinya bagusdownload ya,Positif,Positif
5,keren sih,Negatif,Negatif
5,fast respon,Netral,Netral
5,aaa suka dokter ya ramah gampang erti respon ya sesuai harapann,Positif,Positif
5,terima kasih aplikasi bantu dokter pencil bantu tolong dirikuanak kaluarga ku kali keluh sakit urang ku app sekolah dokter an,Positif,Positif
5,mudah obat tunggu loby antri ambil obat,Positif,Positif
5,thanks you good bless,Netral,Netral
5,konsultasi kulit pakai hallodok proges ya nyata banget bulan baik,Positif,Positif
5,instant padat dokter komunikatif,Positif,Positif
5,ya pakai asuransi obat bayar duluapakah langsung potong,Positif,Positif
5,aaaaaa makasii aplikasi halodoc best banget pkoknyaaa konsultasi simple dokter ya responsif banget pkoknyaaa terimakasih ya halodoc,Positif,Positif
4,aplikasi bantu,Netral,Netral
4,simpel take care,Positif,Positif
5,dokter ya bagus hati,Negatif,Negatif
5,bantu saat urgent obat malam,Positif,Positif
5,terimakasih jasa dokter terimakasih saran terimakasih usaha ya kelinci sakit dokter salah becus ngurusinnya,Positif,Positif
5,malam,Positif,Positif
5,bagus baikmudah paham,Netral,Netral
5,mudah doktermya bagus layan ya ragu pakai aplikasi halodoc bantu,Positif,Positif
5,alhamdulillah,Positif,Positif
5,membantuuuu,Positif,Positif
5,bantu terimakasih,Netral,Netral
5,dokter fastrespon banget ramah,Negatif,Negatif
1,promo gratis konsultasi dokter,Positif,Positif
1,bagus,Positif,Positif
1,dear halo doc jenis kirim cari obat hasil filter instant capek coba pilih obat posisi check out instant pusing pusing aplikasi filter jenis kirim kasih bintang revisi terima kasih note post hubung cs ya solusi,Netral,Netral
5,bantu kala malam butuh konsultasi rekomen pokok,Positif,Positif
5,bantu,Positif,Positif
1,bayar doktertapi masuk aplikasi ya masuk,Negatif,Netral
1,layan burukdokternya nyambunglama aplikasinyalemot,Negatif,Netral
5,very helpfull,Positif,Positif
5,aplikasi bantu kondisi apa moga,Positif,Positif
4,konsultasi dokter ya bagus bantu pokok,Netral,Netral
5,cepat mudah beli obat mana terimakasih halodoc,Netral,Netral
5,bantu sakit tinggal klik obat trimakasih,Positif,Positif
4,bantu terimakasih,Positif,Positif
5,bawa ubah wajah terimakasih dokter halodoc,Netral,Netral
5,manfaat nih aplikasi,Netral,Netral
5,kali pakai puas pesan cepat,Netral,Netral
4,dok ya banget,Positif,Positif
5,halodoc sangatt bantu konsultasi layan nya bagus moga maju halodoc ya bagus banget,Netral,Netral
5,layan ya bagus rekomendasi banget,Positif,Positif
5,ragu pakai aplikasi coba simple lo konsultasi enak kirim obat ya cepat kurir ramah sopan banget i love lu hallodoc,Negatif,Negatif
5,bantu mudah beli obatdalam antar cepat sesuai estimasikurirnya ramah,Positif,Positif
5,halodoc kirim ya cepat kurir ya ramah banget the best sukses,Netral,Netral
5,halodoc aplikasi baik layan cepat kirim cepat,Positif,Netral
5,pelayananya bagus kirim cepat,Positif,Positif
5,obat cepat kurir ramah cepat responnya layan apotik ramah,Negatif,Negatif
5,layan bagus cepat obat ya lengkap pokok recommended butuh obat terima kasih abang kurir rama cepat tanggap thank lu halodoc,Netral,Netral
5,obat lengkap kirim cepat n kurir ramah layan,Positif,Positif
5,obat banyakgampang sen,Positif,Positif
5,kirim cepat respon cepat aplikasi jalan lancar bug,Positif,Netral
5,obat lengkap simpel apknya kirim cepat kurir ramah,Netral,Netral
5,kirim cepat kurir ramah,Negatif,Negatif
5,aplikasi terbaikpelayanan cepat tanggappengiriman cepat,Positif,Positif
5,bantu kirim respon driver cepat,Positif,Positif
5,kirim cepat kurir ya ramah,Positif,Positif
5,ya cepat muas,Positif,Positif
1,baik tolong ya,Positif,Positif
1,pakai vouchrer gojek bilang ya kode promo sudag hapus dapetdihh lucu auto uninstal nih aplikasi,Positif,Positif
5,rekomendasi banget download,Positif,Positif
5,sip tani tumbuh anak,Positif,Positif
5,allhamdulillah bantu,Positif,Positif
5,bantu hidup mudah kualitas cepat rs ribet booking daftar mahal keburu mati pasien,Positif,Positif
5,lancar pol,Netral,Netral
5,bantu sehat,Netral,Netral
4,gin,Netral,Netral
5,masya allah pakai aplikasi halodoc,Positif,Positif
5,bagus banget cepat tanggap,Netral,Netral
5,sukakk dokter ramahh banget,Positif,Positif
5,bagus mudah telemedicine,Netral,Netral
5,guna ya konsultasi dokter ya cepat banget kes buru,Positif,Positif
5,solusi,Positif,Positif
5,dokter fast respon,Negatif,Netral
5,dokter anak h riza telaten sabar teliti diagnosa pasien gesa buru buru,Positif,Positif
5,terima kasih tim halodoc bantu aplikasi,Netral,Netral
5,alhamdulillah konsultasi dsa dominggus,Netral,Netral
5,seru apk ya,Negatif,Netral
5,bantu banget pilih dokter ramah efisien hemat,Negatif,Netral
5,kereeeeeen,Netral,Positif
1,kali halodoc dokter muas buang uang,Netral,Netral
5,bantu banget,Positif,Positif
5,bagus cepat nelayan,Netral,Netral
4,diskusi singkat,Positif,Positif
5,bantu moga smbuh,Netral,Netral
4,kode kupon,Netral,Netral
5,solusi kala jalan,Negatif,Negatif
5,bantu halodoc,Netral,Netral
5,terima kasih,Positif,Positif
4,bagus kasih,Positif,Positif
5,mudah proses cepatdokterdokternya profesionaldan obat cepat qualitas bagus,Positif,Positif
5,aplikasi aman rekomendasi sakit bantu banget cari obatnanti tinggal depanngga apotek cari cari obatnyabisa langsung rumah bikin senang tinggal pinggir kotadulu obat rumah bikin bahagia banget kali bantu cari obat antar rumah,Positif,Positif
5,bantu dokter ya ramah ramah,Positif,Positif
4,aplikasi bagus cuman tagih obat tanggung tercover,Positif,Positif
5,bagus banget apk ya konsultasi mana hp khawatir dokter ya percaya,Positif,Positif
5,bantu konsultasi sakit ringan pilih dokter harga jangkau klinik konsultasi resep obat good job,Positif,Netral
5,terimakasih aplikasi bantu,Positif,Positif
5,bantu terima kasih halodoc,Negatif,Negatif
5,alhamdulillah bantu dokter sedia halodoc,Positif,Positif
1,hp nge hang gara instal memori,Positif,Positif
1,sayang bayar halo doc fleksibel tansfer bank,Netral,Netral
5,bantu ragu,Positif,Positif
5,bagus banget halodoc tuh ily deh saran tolong tambah payment pakai pulsa,Netral,Netral
5,dokter ramah resep bantu,Netral,Netral
4,tolong kirim instan flat beli obat urgent bayar sesuai jarak,Positif,Positif
5,halodoc mudah segalanyaaaaa,Positif,Positif
5,kali pakai halodoc alhamdulillah resep obat bagus,Positif,Positif
5,kali konsultasi senang banget dokter ramah langsung resep,Netral,Netral
5,bagus layan cepat,Positif,Positif
5,moga bantu,Positif,Netral
5,cepat respon dokter biaya konsultasi masyaallah jangkau free konsultasi lifebouy,Netral,Negatif
5,terima kasih dok,Positif,Netral
1,mahal aing doang,Netral,Netral
5,dokter ramah layan bagus aplikasi no lot lot,Positif,Netral
1,aneh konsultasi sakit mala bayaremangnya dokter gaji ya,Netral,Netral
1,ada promosi digunain auto uninstal,Netral,Netral
5,dokter ramah sabar pas jelasin,Positif,Positif
5,moga bikin aplikasi halodoc dokter bungkus obat kurir antar rezeki lancar masuk surgaaa alhamdulillah bantu banget orang sanggup diri kuat pergi klinik langsung terimakasih banyaknyaaaa,Netral,Netral
5,cerita kondisi terimakasih halodoc,Positif,Positif
5,membantuuuu,Netral,Netral
5,bagussssssssss,Positif,Positif
1,gratis bayar ya mhl,Negatif,Netral
5,bantu antri rumah sakit,Negatif,Negatif
5,bantu konsultasi dngn tampa rumah,Positif,Positif
1,jelek banget apk ya lot kali unistall bantu bikin emosi iya,Positif,Positif
5,aplikasi bantu dokter ramah cepat,Positif,Positif
5,layan ramah fast respons terimakasih,Positif,Positif
5,top langsung interaksi dokter langsung tangan dokter ahli,Positif,Positif
5,bayar mudah harga murah voucher dokter ya ramah jelas mudah erti,Positif,Positif
5,bantu,Netral,Netral
5,trimakasi bxk dokte nuri,Positif,Positif
5,bantu cari,Netral,Positif
5,layan konsultasi komunikatif roboticd pesan obat relatif cepat,Positif,Positif
5,sempurnaaa,Negatif,Negatif
3,kasih bintang kadang apotik ya jauh plus kadang ya kadang obat bayar pakai asuransi apotik ya konfirm,Positif,Positif
5,bagus psikolog ramah cari topik kaku,Netral,Netral
5,layan ya puas ya,Negatif,Negatif
5,coba dokter enak alhamdulillah konsultasi beda dokter rinci,Positif,Positif
4,respon cepat,Positif,Netral
5,respon donter cepat detail sigap,Positif,Positif
1,kondulkok bayarhrusnya beli obat bayarkrna sembuh habis konsultasi,Positif,Positif
5,bantu malam butuh tolong,Positif,Positif
5,cepat urgent halodoc bantu,Netral,Netral
5,aplikasi bantu sehat,Netral,Netral
1,kirim instan tulis doang jam bayar ribu gilir butuh urgent drivernya bagus gojekgrab mending hapus opsi instan komplain layanin suruh telp drivernya eh nomor drivernya fiktif aktif suram,Positif,Positif
5,bantu,Positif,Positif
5,ramah,Positif,Positif
4,dokter halodoc ramah informasipenanganan keluh pasien terima,Negatif,Negatif
5,bantu aplikasi,Positif,Positif
5,pelayanab tks,Netral,Netral
5,allhamdulillah bantu,Positif,Positif
5,mudah proses pengobatantanpa nunggutanpa antribisa langsung konsultasi dokterhalodoc mantab,Netral,Netral
5,bantu,Positif,Positif
5,moga konsultasi dokter halodoc bantu hilang jerawat,Netral,Netral
5,dokter fast respon solusi baik terimakasih halodoc,Positif,Positif
5,kali moga cocok konsultasi halodoc dokter ramah gercep,Negatif,Netral
5,moga kulit sehat,Positif,Positif
5,responnya cepat tanggap,Netral,Netral
5,bagus hemat,Positif,Netral
5,konsultasi bagus,Positif,Positif
5,ok fast respon,Negatif,Netral
5,bantu sulit klinik,Netral,Positif
5,recommended darurat pelopor konsultasi online sehat aman percaya kompeten,Netral,Netral
5,paten kash resep obat,Netral,Netral
5,halodoc bantu obat,Positif,Positif
5,moga obat cocok dokter detail,Positif,Positif
1,habis bayar dokternyaa online chat terang sibuk suruh ganti dokter bayar,Positif,Positif
4,kali pakai halodocsemoga batu atas keluh sakit,Positif,Positif
5,goodddd jobbb thxyouu halodoc mudah akuuuu,Negatif,Netral
5,bantu langkah rs klinik,Positif,Positif
5,senang banget gampang konsultasi malu,Negatif,Negatif
1,pas rumah drjver kirim obat depan toko tulis warmindo gede banget tidur sakit driver tau alamtanya jdh tulis alamat lengkap obat bawa apotik kembali dana tengah kecewa kecewa banget sesal harap halodoc ketok pintu toko buka tidur didlmnya,Positif,Positif
5,amanah,Netral,Netral
5,dokter ramah,Netral,Netral
5,fast respon banget malam rem abiezzzz,Netral,Netral
5,dokter ya ramah gampang paham,Negatif,Negatif
5,respon cepat bagus,Negatif,Negatif
4,suka banget layan dokter aplikasi simple cuman kendala top up ya kendala wilayah sedia wilayah pulau sumbawa ntb,Netral,Netral
5,aplikasi bantu masyarakat sakit konsultasi rumah,Netral,Netral
1,jarak apotek lokasi kirim mending tolak kasihan gojek ya jauh cancel kirim makan efektif niat simpel drama gojek,Netral,Netral
5,halo doc degan adanyaa aplikasi halo doc konsultasi aplikasi aplikasi sagat bantu konsultasi sakit halo doc memebrikan layan baik,Positif,Positif
5,bantu banget app,Positif,Positif
5,halodoc mantullll,Netral,Netral
5,masuk telaten,Positif,Positif
5,mudah urgent,Netral,Netral
5,okeee,Netral,Positif
5,bantu kebingungam diet,Netral,Netral
1,obat lengkap apotik dekat actived chat cs responya ganti resep aplikasi sehat respon cepat sehat tracking monggo no is konsultasi krdqx,Netral,Netral
1,ada bayar pakai shopee pay bintang,Positif,Positif
5,ajib layan ya,Positif,Positif
5,bagus recommended,Positif,Positif
5,dokter ya responsif mudah urgent thankyou halodoc,Positif,Positif
5,mudah mudah sesuai konsultasi halodoc,Netral,Netral
5,bantu pergi dokter,Positif,Positif
5,halodoc bantu,Netral,Netral
5,partner apk sehat baik,Positif,Positif
5,bantu butuh,Positif,Positif
5,suasana lega banget cemas,Positif,Positif
5,mending konsultasi dokter spesialist google kadang jawabanya akurat bikin panik halodoc biaya konsultasi jangkau langsung beli obat,Positif,Positif
1,dokter ramah,Netral,Netral
5,badan lelah pundak lelah kaki kanan tangan suka semut tau gejala ityufw om,Negatif,Netral
5,bantu konsultasi dokter tuju,Netral,Netral
5,dokter poll,Negatif,Negatif
5,dokter fast respon jelas mudah paham saran masuk bagus,Positif,Positif
5,bantu orang awam konsultasi sehat dokter spesialis jamin tanggung jawab,Netral,Netral
5,jelas detail bagus deh pokok,Netral,Netral
5,juang jerawat coba konsultasi kesini top deh,Positif,Positif
5,bagus guna rekomen,Netral,Netral
5,mantab bantu butuh obat urgent,Netral,Netral
5,ramah,Positif,Positif
5,bantu anak kos keluarga teman kerja sakit resep dokter,Positif,Positif
5,bantu konsultasi sakit dokter ramah mudah obat awat cepat sembuh luka saya,Netral,Netral
5,bantu kala konsultasi offline rumah riweh urus bayi konsultasi online harga jangkau kasih resep obat manjur dokter ahli halodoc,Positif,Positif
5,terima kasih halodoc aplikasi bantu,Positif,Positif
2,konsultasi berbayarsaya butuh teman dengar keluh,Positif,Netral
1,tulisanya gerat tau bayar,Netral,Netral
5,mudah tangan kala sakit,Positif,Positif
1,parah temtukan alamat pilih lokasi alamat jalan seberang muncul,Positif,Positif
2,fleksible pilih metode bayar konek gopay verifikasi otp via sms opsi mudah langsung masuk app gojek ferivikasi otp via wa,Positif,Positif
5,bantu,Netral,Netral
5,bantu login nomer telpon aktif ya akun resep resep obat,Positif,Positif
2,sih biaya langgan ubah mahal,Netral,Netral
5,mantap halodoc,Positif,Positif
5,membnatu,Netral,Netral
1,banget drivernya orang sakit suruh tunggu luar panas panas menit pesan status kirim terima,Netral,Netral
5,rekomdasi banget,Positif,Positif
5,bantu kondisi urgent ttpi rs terdekatdokternya oke informatif,Positif,Positif
5,manfaat cocok pengin sehat,Netral,Netral
5,bantu aplikasi,Netral,Netral
1,layan buruk,Netral,Netral
5,layan prima,Positif,Positif
